City_ID,City,Country,Date,Lat,Lng,Max Temp,Humidity,Cloudiness,Wind Speed
0,Chuy,UY,2021-02-18 02:15:36,-33.6971,-53.4616,65.43,95,15,7.74
1,Bartica,GY,2021-02-18 02:15:36,6.4,-58.6167,73.4,94,20,6.91
2,Sao Sepe,BR,2021-02-18 02:15:37,-30.1606,-53.5653,66.2,88,0,1.14
3,Busselton,AU,2021-02-18 02:15:37,-33.65,115.3333,64.99,60,8,5.99
4,Ciudad Bolivar,VE,2021-02-18 02:15:37,8.1222,-63.5497,80.26,47,15,15.32
5,Ushuaia,AR,2021-02-18 02:12:58,-54.8,-68.3,51.8,87,75,3.44
6,Vallenar,CL,2021-02-18 02:15:37,-28.5708,-70.7581,60.55,70,0,1.9
7,Kangundo,KE,2021-02-18 02:15:37,-1.2979,37.3471,58.1,89,100,2.71
8,Barrow,US,2021-02-18 02:15:37,71.2906,-156.7887,-20.2,69,1,9.22
9,Masunga,BW,2021-02-18 02:15:37,-20.6246,27.4488,63.28,88,78,2.71
10,Rincon,US,2021-02-18 02:15:38,32.296,-81.2354,51.8,66,90,10.36
11,Kruisfontein,ZA,2021-02-18 02:15:38,-34.0033,24.7314,60.01,89,0,1.01
12,Batticaloa,LK,2021-02-18 02:15:38,7.7102,81.6924,74.79,84,96,6.13
13,Grand Gaube,MU,2021-02-18 02:15:38,-20.0064,57.6608,75.99,88,100,5.61
14,Carnarvon,AU,2021-02-18 02:15:38,-24.8667,113.6333,78.8,65,83,24.16
15,Caravelas,BR,2021-02-18 02:15:38,-17.7125,-39.2481,80.08,78,100,10.42
16,Los Llanos De Aridane,ES,2021-02-18 02:15:38,28.6585,-17.9182,62.6,59,0,6.91
17,Saldanha,ZA,2021-02-18 02:15:38,-33.0117,17.9442,59.0,82,0,2.3
18,Klaksvik,FO,2021-02-18 02:15:38,62.2266,-6.589,42.8,93,75,13.8
19,Hithadhoo,MV,2021-02-18 02:15:39,-0.6,73.0833,82.4,66,2,5.1
20,Southbridge,US,2021-02-18 02:15:39,42.0751,-72.0334,21.0,41,34,2.06
21,Mulege,MX,2021-02-18 02:15:39,26.8833,-111.9833,58.89,70,0,2.53
22,Mataura,NZ,2021-02-18 02:15:39,-46.1927,168.8643,63.0,69,18,11.01
23,Miramar,US,2021-02-18 02:15:39,25.9873,-80.2323,77.0,88,1,6.91
24,Ribeira Grande,PT,2021-02-18 02:15:39,38.5167,-28.7,58.37,76,100,18.07
25,Kailua,US,2021-02-18 02:15:39,21.4022,-157.7394,78.8,73,75,11.5
26,Kapaa,US,2021-02-18 02:15:39,22.0752,-159.319,78.8,61,1,12.66
27,Pisco,PE,2021-02-18 02:15:39,-13.7,-76.2167,69.8,78,0,10.36
28,Butaritari,KI,2021-02-18 02:15:39,3.0707,172.7902,82.08,80,0,17.83
29,Yurla,RU,2021-02-18 02:15:39,59.3259,54.3223,-14.94,90,71,1.45
30,Rikitea,PF,2021-02-18 02:15:40,-23.1203,-134.9692,78.91,67,14,9.31
31,Pauini,BR,2021-02-18 02:15:40,-7.7136,-66.9764,74.1,97,100,2.01
32,Vaini,TO,2021-02-18 02:15:40,-21.2,-175.2,84.2,74,75,8.05
33,Beroroha,MG,2021-02-18 02:15:40,-21.6667,45.1667,73.27,90,100,1.97
34,Visby,SE,2021-02-18 02:15:40,57.6409,18.296,23.0,74,90,9.22
35,Goderich,CA,2021-02-18 02:15:04,43.7501,-81.7165,6.8,85,100,6.91
36,Inverness,GB,2021-02-18 02:11:11,57.4791,-4.224,44.6,76,40,11.5
37,Hermanus,ZA,2021-02-18 02:15:40,-34.4187,19.2345,62.01,80,32,9.91
38,Ponta Do Sol,PT,2021-02-18 02:15:40,32.6667,-17.1,59.0,65,81,5.99
39,Okha,RU,2021-02-18 02:15:41,53.5739,142.9478,5.18,94,99,16.15
40,Hobart,AU,2021-02-18 02:14:01,-42.8794,147.3294,82.0,33,20,12.66
41,Port Hedland,AU,2021-02-18 02:15:41,-20.3167,118.5667,91.4,49,23,9.22
42,Tiksi,RU,2021-02-18 02:15:41,71.6872,128.8694,-23.75,87,100,3.53
43,Pangody,RU,2021-02-18 02:15:41,65.85,74.4859,-37.07,83,23,9.19
44,Narsaq,GL,2021-02-18 02:15:41,60.9167,-46.05,14.0,48,20,3.44
45,Hofn,IS,2021-02-18 02:15:41,64.2539,-15.2082,39.96,72,100,4.16
46,Khatanga,RU,2021-02-18 02:15:41,71.9667,102.5,-20.72,88,100,7.76
47,Guerrero Negro,MX,2021-02-18 02:15:41,27.9769,-114.0611,58.42,76,11,17.94
48,Kaiserslautern,DE,2021-02-18 02:12:54,49.45,7.75,41.0,100,20,3.74
49,Avarua,CK,2021-02-18 02:15:11,-21.2078,-159.775,82.4,78,40,11.5
50,Hasaki,JP,2021-02-18 02:15:42,35.7333,140.8333,45.0,19,20,12.66
51,Shenjiamen,CN,2021-02-18 02:15:42,29.9576,122.298,41.05,64,0,20.22
52,Port-Cartier,CA,2021-02-18 02:15:42,50.0334,-66.8654,15.01,61,1,2.3
53,Albany,US,2021-02-18 02:15:42,42.6001,-73.9662,19.4,58,75,9.22
54,Makakilo City,US,2021-02-18 02:15:42,21.3469,-158.0858,78.8,57,1,8.05
55,Manoel Urbano,BR,2021-02-18 02:15:42,-8.8389,-69.2597,75.22,87,100,1.95
56,Fortuna,US,2021-02-18 02:11:27,40.5982,-124.1573,48.99,81,1,8.05
57,Mubende,UG,2021-02-18 02:15:42,0.5606,31.39,64.38,81,100,3.51
58,Nove Mesto Na Morave,CZ,2021-02-18 02:15:42,49.5614,16.0742,35.01,99,68,4.9
59,Torbay,CA,2021-02-18 02:15:42,47.6666,-52.7314,30.0,80,90,25.32
60,Terra Santa,BR,2021-02-18 02:15:43,-2.1042,-56.4869,77.86,76,97,0.69
61,Caiaponia,BR,2021-02-18 02:15:43,-16.9567,-51.8103,70.47,91,87,2.66
62,Awjilah,LY,2021-02-18 02:15:43,29.1081,21.2869,48.6,76,1,7.58
63,Atuona,PF,2021-02-18 02:15:43,-9.8,-139.0333,79.52,76,1,13.98
64,Chokurdakh,RU,2021-02-18 02:15:43,70.6333,147.9167,-17.43,87,99,5.93
65,Castro,BR,2021-02-18 02:15:43,-24.7911,-50.0119,61.66,79,3,3.65
66,Kyren,RU,2021-02-18 02:12:08,51.6828,102.1408,29.84,88,93,3.83
67,Santa Maria,BR,2021-02-18 02:15:43,-29.6842,-53.8069,66.2,88,0,1.14
68,Iqaluit,CA,2021-02-18 02:15:43,63.7506,-68.5145,-7.6,71,75,5.55
69,Norman Wells,CA,2021-02-18 02:15:44,65.282,-126.8329,-7.6,77,20,4.61
70,Lumeje,AO,2021-02-18 02:15:44,-11.55,20.7833,65.73,83,99,3.38
71,Acapulco,MX,2021-02-18 02:15:44,16.8634,-99.8901,75.2,73,20,10.36
72,Mahebourg,MU,2021-02-18 02:15:44,-20.4081,57.7,75.2,88,75,8.05
73,Shanhetun,CN,2021-02-18 02:15:44,44.7,127.2,4.3,93,94,8.99
74,Nikolskoye,RU,2021-02-18 02:15:44,59.7035,30.7861,-11.0,77,20,2.24
75,Coquimbo,CL,2021-02-18 02:12:33,-29.9533,-71.3436,60.8,77,0,3.44
76,Arraial Do Cabo,BR,2021-02-18 02:15:44,-22.9661,-42.0278,76.87,92,100,11.52
77,Ahipara,NZ,2021-02-18 02:15:44,-35.1667,173.1667,70.52,55,94,7.49
78,At-Bashi,KG,2021-02-18 02:15:44,41.1702,75.8106,16.81,64,0,2.08
79,East London,ZA,2021-02-18 02:15:45,-33.0153,27.9116,70.02,68,0,1.59
80,Coahuayana,MX,2021-02-18 02:15:45,18.7333,-103.6833,66.2,77,1,9.22
81,New Norfolk,AU,2021-02-18 02:15:45,-42.7826,147.0587,82.0,34,0,3.0
82,San Jose,US,2021-02-18 02:15:45,37.3394,-121.895,59.0,38,40,13.8
83,Lavrentiya,RU,2021-02-18 02:15:45,65.5833,-171.0,-11.78,85,0,3.24
84,Bodden Town,KY,2021-02-18 02:15:45,19.2833,-81.25,80.6,74,20,9.22
85,Georgetown,MY,2021-02-18 02:13:18,5.4112,100.3354,80.6,57,20,10.36
86,Kavieng,PG,2021-02-18 02:15:45,-2.5744,150.7967,85.41,70,100,8.93
87,Kota Belud,MY,2021-02-18 02:15:45,6.351,116.4305,84.2,70,20,13.8
88,Bousse,BF,2021-02-18 02:15:45,12.6606,-1.8922,82.4,15,81,12.66
89,Vila Franca Do Campo,PT,2021-02-18 02:15:46,37.7167,-25.4333,52.0,82,40,4.47
90,Goyty,RU,2021-02-18 02:15:46,43.1642,45.6228,3.2,85,0,2.24
91,Katsuura,JP,2021-02-18 02:14:15,35.1333,140.3,44.6,16,20,8.05
92,Puerto Ayora,EC,2021-02-18 02:15:46,-0.7393,-90.3518,78.01,92,69,3.0
93,Sorong,ID,2021-02-18 02:15:46,-0.8833,131.25,83.34,77,97,8.5
94,Lorengau,PG,2021-02-18 02:15:46,-2.0226,147.2712,85.77,72,100,9.31
95,Debre Tabor,ET,2021-02-18 02:15:46,11.85,38.0167,53.13,82,79,2.57
96,Talnakh,RU,2021-02-18 02:15:46,69.4865,88.3972,-21.91,85,100,2.1
97,Aneho,TG,2021-02-18 02:15:46,6.2333,1.6,82.4,89,40,5.75
98,Tautira,PF,2021-02-18 02:15:47,-17.7333,-149.15,87.8,62,20,12.66
99,Seymchan,RU,2021-02-18 02:15:47,62.8833,152.4333,-13.72,85,100,2.91
100,Jamestown,US,2021-02-18 02:15:47,42.097,-79.2353,17.01,85,1,5.75
101,Tigzirt,DZ,2021-02-18 02:15:47,36.8886,4.1198,56.59,45,83,8.01
102,Keti Bandar,PK,2021-02-18 02:15:47,24.1447,67.4497,67.77,79,0,8.28
103,Cherskiy,RU,2021-02-18 02:15:47,68.75,161.3,-21.37,86,0,1.14
104,Sioux Falls,US,2021-02-18 02:13:03,43.55,-96.7003,7.0,92,90,3.94
105,Kharp,RU,2021-02-18 02:15:47,66.8014,65.8081,-24.14,80,100,8.48
106,Poum,NC,2021-02-18 02:15:47,-20.2333,164.0167,82.92,77,100,11.45
107,Qaanaaq,GL,2021-02-18 02:15:47,77.484,-69.3632,-10.1,72,6,6.33
108,Bluff,NZ,2021-02-18 02:15:48,-46.6,168.3333,63.0,69,4,11.01
109,Seoul,KR,2021-02-18 02:13:02,37.5683,126.9778,23.0,36,0,18.41
110,Abnub,EG,2021-02-18 02:15:48,27.2696,31.1511,42.8,70,0,9.22
111,Waddan,LY,2021-02-18 02:15:48,29.1614,16.139,46.31,53,0,4.74
112,Thai Nguyen,VN,2021-02-18 02:15:48,21.5928,105.8442,68.0,68,100,2.3
113,Kaitangata,NZ,2021-02-18 02:15:48,-46.2817,169.8464,64.99,68,4,8.99
114,Kavaratti,IN,2021-02-18 02:15:48,10.5669,72.642,80.89,68,100,8.1
115,Lincoln,US,2021-02-18 02:14:24,40.8,-96.667,15.8,57,90,3.44
116,Mbandaka,CD,2021-02-18 02:15:48,0.0487,18.2603,76.46,67,100,3.27
117,Mongo,TD,2021-02-18 02:15:48,12.1844,18.693,55.27,34,0,7.52
118,Yellowknife,CA,2021-02-18 02:13:10,62.456,-114.3525,-9.0,77,75,16.11
119,Cape Town,ZA,2021-02-18 02:10:58,-33.9258,18.4232,64.0,77,20,3.44
120,Aromashevo,RU,2021-02-18 02:15:49,56.8602,68.6375,-12.84,90,77,4.32
121,Eldorado,BR,2021-02-18 02:15:49,-23.7869,-54.2836,68.07,68,0,3.83
122,Sobolevo,RU,2021-02-18 02:15:49,54.4299,31.8996,-4.63,92,78,7.43
123,Bredasdorp,ZA,2021-02-18 02:15:49,-34.5322,20.0403,62.6,72,80,8.05
124,Kodiak,US,2021-02-18 02:15:49,57.79,-152.4072,39.2,70,1,8.05
125,Nome,US,2021-02-18 02:13:23,64.5011,-165.4064,3.2,55,1,3.44
126,Saint George,US,2021-02-18 02:15:49,37.1041,-113.5841,44.01,33,1,18.41
127,Saskylakh,RU,2021-02-18 02:15:49,71.9167,114.0833,-35.27,79,2,6.13
128,Mmabatho,ZA,2021-02-18 02:15:49,-25.85,25.6333,64.4,82,3,3.53
129,Ancud,CL,2021-02-18 02:15:50,-41.8697,-73.8203,57.0,94,90,14.97
130,Hambantota,LK,2021-02-18 02:15:50,6.1241,81.1185,71.6,100,97,3.44
131,Egvekinot,RU,2021-02-18 02:15:50,66.3167,-179.1667,-8.25,83,47,4.05
132,Burnie,AU,2021-02-18 02:15:50,-41.0667,145.9167,66.34,71,94,14.58
133,Copiapo,CL,2021-02-18 02:10:50,-27.3667,-70.3333,62.6,82,90,5.75
134,Becerril,CO,2021-02-18 02:15:50,9.7041,-73.2793,79.48,56,88,7.34
135,Ulaangom,MN,2021-02-18 02:15:50,49.9811,92.0667,-0.71,91,94,0.96
136,Saint Simons,US,2021-02-18 02:11:01,31.1352,-81.3901,54.0,100,90,12.66
137,Point Fortin,TT,2021-02-18 02:15:48,10.1833,-61.6833,73.99,1,100,1.99
138,Basco,PH,2021-02-18 02:15:50,20.4487,121.9702,67.24,75,96,33.22
139,Dingle,PH,2021-02-18 02:15:51,10.9995,122.6711,79.39,72,14,18.05
140,Molepolole,BW,2021-02-18 02:15:51,-24.4066,25.4951,66.2,94,0,3.44
141,Tuatapere,NZ,2021-02-18 02:15:51,-46.1333,167.6833,63.0,69,17,11.01
142,Paamiut,GL,2021-02-18 02:15:51,61.994,-49.6678,10.29,84,0,19.53
143,Lagoa,PT,2021-02-18 02:15:51,39.05,-27.9833,56.8,76,100,19.53
144,West Helena,US,2021-02-18 02:15:51,34.5507,-90.6418,23.0,93,90,12.66
145,Hilo,US,2021-02-18 02:15:51,19.7297,-155.09,78.8,61,20,8.05
146,Grindavik,IS,2021-02-18 02:15:51,63.8424,-22.4338,37.4,93,75,9.22
147,Swan Hill,AU,2021-02-18 02:15:51,-35.3378,143.5544,86.02,29,0,13.42
148,Whitehorse,CA,2021-02-18 02:15:52,60.7161,-135.0538,21.2,79,75,19.57
149,Punta Arenas,CL,2021-02-18 02:14:08,-53.15,-70.9167,50.0,76,90,17.27
150,San Quintin,MX,2021-02-18 02:15:52,30.4833,-115.95,57.34,72,0,15.26
151,Lata,PT,2021-02-18 02:15:52,40.1629,-8.3327,57.99,85,100,3.0
152,Gaoua,BF,2021-02-18 02:15:52,10.2992,-3.2508,83.57,34,100,5.19
153,Zhuanghe,CN,2021-02-18 02:15:52,39.7008,122.9911,18.34,74,0,9.66
154,Vestmannaeyjar,IS,2021-02-18 02:15:52,63.4427,-20.2734,39.2,87,75,12.66
155,Ambilobe,MG,2021-02-18 02:15:52,-13.2,49.05,75.11,91,54,1.3
156,Nagato,JP,2021-02-18 02:15:52,34.3833,131.2,34.0,74,75,9.22
157,Gigmoto,PH,2021-02-18 02:15:52,13.7796,124.39,79.0,67,99,19.64
158,Port Blair,IN,2021-02-18 02:15:53,11.6667,92.75,82.4,78,40,11.5
159,Ilulissat,GL,2021-02-18 02:15:53,69.2167,-51.1,5.0,66,90,6.91
160,Codrington,AU,2021-02-18 02:15:53,-38.2667,141.9667,90.66,28,0,10.02
161,San Antonio,US,2021-02-18 02:15:53,29.4241,-98.4936,33.8,80,90,16.11
162,Saint-Philippe,RE,2021-02-18 02:15:53,-21.3585,55.7679,78.8,73,0,4.61
163,Cabo San Lucas,MX,2021-02-18 02:12:05,22.8909,-109.9124,66.0,82,1,11.5
164,Kropotkin,RU,2021-02-18 02:15:53,45.4375,40.5756,14.0,96,24,6.22
165,Sovetskaya Gavan,RU,2021-02-18 02:15:53,48.9723,140.2878,18.88,90,99,13.0
166,Esil,KZ,2021-02-18 02:15:53,51.9556,66.4042,8.87,95,100,20.62
167,Port Alfred,ZA,2021-02-18 02:15:53,-33.5906,26.891,70.0,83,0,5.99
168,Tasiilaq,GL,2021-02-18 02:15:54,65.6145,-37.6368,32.0,93,90,25.32
169,Port Elizabeth,ZA,2021-02-18 02:15:54,-33.918,25.5701,68.0,83,0,18.41
170,Itiuba,BR,2021-02-18 02:15:54,-10.6917,-39.8536,74.12,79,100,1.43
171,Thompson,CA,2021-02-18 02:15:54,55.7435,-97.8558,-2.2,92,1,4.25
172,Upernavik,GL,2021-02-18 02:15:54,72.7868,-56.1549,-12.06,87,0,2.66
173,Merauke,ID,2021-02-18 02:11:08,-8.4667,140.3333,85.53,68,45,10.29
174,Tsumeb,NA,2021-02-18 02:15:54,-19.2333,17.7167,66.87,60,77,3.65
175,Dikson,RU,2021-02-18 02:15:54,73.5069,80.5464,-25.35,85,100,11.7
176,Lebu,CL,2021-02-18 02:15:54,-37.6167,-73.65,54.95,87,0,0.92
177,Santa Rosa,PH,2021-02-18 02:15:54,14.3122,121.1114,84.0,61,40,5.75
178,Bikaner,IN,2021-02-18 02:15:54,28.0167,73.3,61.07,29,0,9.44
179,Pailon,BO,2021-02-18 02:15:55,-17.65,-62.75,75.2,88,40,2.3
180,Vigrestad,NO,2021-02-18 02:15:55,58.5667,5.7,39.2,70,75,14.97
181,Kurilsk,RU,2021-02-18 02:15:55,45.2333,147.8833,26.56,91,99,13.69
182,Fort Nelson,CA,2021-02-18 02:15:55,58.8053,-122.7002,10.4,85,40,2.3
183,Ostrovnoy,RU,2021-02-18 02:15:55,68.0531,39.5131,10.54,92,100,18.39
184,Asfi,MA,2021-02-18 02:15:55,32.2994,-9.2372,56.77,81,85,3.44
185,Tuktoyaktuk,CA,2021-02-18 02:15:55,69.4541,-133.0374,-34.6,74,40,4.61
186,Marzuq,YE,2021-02-18 02:15:55,14.4,46.4667,59.83,36,0,3.98
187,Inuvik,CA,2021-02-18 02:14:18,68.3499,-133.7218,-16.6,76,97,2.62
188,Port Antonio,JM,2021-02-18 02:15:55,18.18,-76.4612,80.6,61,20,24.16
189,Victoria,HK,2021-02-18 02:11:28,22.2855,114.1577,64.99,56,44,1.99
190,Sitka,US,2021-02-18 02:15:55,57.0531,-135.33,42.8,56,90,12.66
191,Nanortalik,GL,2021-02-18 02:15:56,60.1432,-45.2371,15.26,81,11,9.15
192,Manakara,MG,2021-02-18 02:15:56,-22.1333,48.0167,77.11,94,92,1.59
193,Esperance,AU,2021-02-18 02:15:56,-33.8667,121.9,69.8,60,90,25.32
194,Vila,PT,2021-02-18 02:15:56,42.0304,-8.1588,51.01,94,100,24.0
195,Naryan-Mar,RU,2021-02-18 02:15:56,67.6713,53.087,2.7,94,100,11.32
196,San Policarpo,PH,2021-02-18 02:15:56,12.1791,125.5072,79.68,74,90,20.42
197,Yulara,AU,2021-02-18 02:15:56,-25.2406,130.9889,96.8,23,75,8.05
198,Moron,AR,2021-02-18 02:15:56,-34.6534,-58.6198,73.0,79,0,5.12
199,Iquitos,PE,2021-02-18 02:15:56,-3.7481,-73.2472,75.2,94,75,1.14
200,Souillac,MU,2021-02-18 02:15:57,-20.5167,57.5167,75.2,88,75,8.05
201,Bandeirantes,BR,2021-02-18 02:15:57,-23.11,-50.3675,68.4,77,0,3.04
202,Kashi,CN,2021-02-18 02:15:57,39.4547,75.9797,35.6,48,20,8.95
203,Lingao,CN,2021-02-18 02:15:57,19.9103,109.6859,68.18,74,96,17.07
204,Moose Factory,CA,2021-02-18 02:15:57,51.2585,-80.6094,1.4,78,1,6.91
205,Taiyuan,CN,2021-02-18 02:11:15,37.8694,112.5603,35.6,32,0,2.24
206,Husavik,IS,2021-02-18 02:15:57,66.0449,-17.3389,32.0,93,20,8.9
207,Chapais,CA,2021-02-18 02:15:57,49.7834,-74.8492,-2.2,84,90,3.44
208,Grenaa,DK,2021-02-18 02:15:57,56.4158,10.8783,33.8,100,90,10.36
209,Portree,GB,2021-02-18 02:15:57,57.4129,-6.1942,41.0,78,100,5.99
210,Sechura,PE,2021-02-18 02:15:58,-5.5569,-80.8222,76.69,73,0,14.74
211,Sao Miguel Do Araguaia,BR,2021-02-18 02:15:58,-13.275,-50.1628,73.4,94,100,2.73
212,Kang,BW,2021-02-18 02:15:58,-23.6752,22.7876,69.31,71,0,6.98
213,Chipiona,ES,2021-02-18 02:15:58,36.7366,-6.437,55.4,100,40,2.3
214,Severo-Kurilsk,RU,2021-02-18 02:15:58,50.6789,156.125,30.85,93,99,10.78
215,Ruteng,ID,2021-02-18 02:15:58,-8.6136,120.4721,75.69,68,98,4.36
216,Sorland,NO,2021-02-18 02:15:58,67.667,12.6934,17.6,86,0,1.14
217,Jacareacanga,BR,2021-02-18 02:15:58,-6.2222,-57.7528,72.3,97,100,2.3
218,Adrar,MR,2021-02-18 02:15:58,20.5022,-10.0711,68.11,24,100,7.47
219,Cururupu,BR,2021-02-18 02:15:17,-1.8283,-44.8683,74.32,95,100,3.09
220,Kharan,PK,2021-02-18 02:15:59,28.5833,65.4167,50.88,35,0,1.86
221,Gasa,PS,2021-02-18 02:15:59,31.5,34.4667,42.01,100,85,18.84
222,Teya,RU,2021-02-18 02:15:59,60.3778,92.6267,-6.02,87,100,6.31
223,Khandyga,RU,2021-02-18 02:15:59,62.6667,135.6,-24.59,84,6,1.21
224,Taormina,IT,2021-02-18 02:15:59,37.8536,15.2885,50.0,89,0,5.75
225,Arcachon,FR,2021-02-18 02:15:59,44.5875,-1.0519,53.01,87,0,4.61
226,Atlantic Beach,US,2021-02-18 02:15:59,30.3344,-81.3987,55.99,88,90,8.05
227,Hualmay,PE,2021-02-18 02:15:59,-11.0964,-77.6139,72.37,77,0,5.5
228,Puerto El Triunfo,SV,2021-02-18 02:15:59,13.2833,-88.55,77.0,88,0,2.3
229,Marigot,MF,2021-02-18 02:15:59,18.0667,-63.0833,77.0,73,20,18.41
230,Awbari,LY,2021-02-18 02:16:00,26.5921,12.7805,41.31,64,89,3.76
231,Aden,YE,2021-02-18 02:16:00,12.7794,45.0367,75.63,75,78,15.64
232,Fenyi,CN,2021-02-18 02:16:00,27.8112,114.6681,54.68,57,0,4.79
233,Amursk,RU,2021-02-18 02:16:00,50.2261,136.8994,10.72,87,71,0.94
234,Mar Del Plata,AR,2021-02-18 02:16:00,-38.0023,-57.5575,66.99,88,90,6.02
235,Casambalangan,PH,2021-02-18 02:16:00,18.3765,122.1274,69.76,84,100,21.07
236,Owando,CG,2021-02-18 02:16:01,-0.4819,15.8999,73.78,84,92,3.69
237,Puerto Escondido,MX,2021-02-18 02:16:01,15.85,-97.0667,77.0,78,20,5.75
238,Letnik,RU,2021-02-18 02:16:01,46.011,41.2657,7.72,94,7,5.84
239,Caapucu,PY,2021-02-18 02:16:01,-26.2167,-57.2,67.86,53,0,4.72
240,Bathsheba,BB,2021-02-18 02:16:01,13.2167,-59.5167,77.0,69,20,19.57
241,Zadar,HR,2021-02-18 02:16:01,44.1197,15.2422,33.8,100,25,2.3
242,Deputatskiy,RU,2021-02-18 02:16:01,69.3,139.9,-21.84,89,100,2.86
243,Tan An,VN,2021-02-18 02:11:22,10.5333,106.4167,75.2,64,0,4.36
244,Bambous Virieux,MU,2021-02-18 02:16:01,-20.3428,57.7575,75.99,88,75,8.05
245,Thana,PK,2021-02-18 02:16:02,34.6369,72.0739,50.34,40,0,6.85
246,Bilibino,RU,2021-02-18 02:16:02,68.0546,166.4372,-10.86,80,0,2.28
247,Sola,VU,2021-02-18 02:16:02,-13.8833,167.55,82.69,72,32,2.46
248,Pacific Grove,US,2021-02-18 02:12:31,36.6177,-121.9166,55.4,71,1,4.61
249,Ottawa,CA,2021-02-18 02:15:53,45.4112,-75.6981,14.0,79,40,4.61
250,Vostok,RU,2021-02-18 02:16:02,46.4856,135.8833,6.96,94,100,5.19
251,Viedma,AR,2021-02-18 02:16:02,-40.8135,-62.9967,69.01,65,0,1.01
252,Gat,IL,2021-02-18 02:16:02,31.61,34.7642,42.01,100,71,12.26
253,Iluppur,IN,2021-02-18 02:16:03,10.5135,78.6236,73.4,83,40,4.61
254,Muisne,EC,2021-02-18 02:16:03,0.6,-80.0333,77.63,84,60,5.77
255,Kalabo,ZM,2021-02-18 02:16:03,-14.97,22.6814,65.19,94,100,2.98
256,Necochea,AR,2021-02-18 02:16:03,-38.5473,-58.7368,61.0,98,0,4.0
257,Gambela,ET,2021-02-18 02:16:03,8.25,34.5833,80.51,26,100,0.36
258,Lagos,NG,2021-02-18 02:12:32,6.5833,3.75,76.78,90,84,2.17
259,Batagay,RU,2021-02-18 02:12:08,67.6333,134.6333,-26.21,84,100,2.08
260,Luanda,AO,2021-02-18 02:13:15,-8.8368,13.2343,78.8,83,75,4.61
261,Saint Anthony,US,2021-02-18 02:16:04,45.0205,-93.218,10.0,72,90,4.61
262,Amudat,UG,2021-02-18 02:16:04,1.95,34.95,67.55,58,100,3.06
263,Litovko,RU,2021-02-18 02:16:04,49.2361,135.1742,12.06,90,98,3.8
264,Baruun-Urt,MN,2021-02-18 02:16:04,46.6806,113.2792,10.67,91,0,15.77
265,Hami,CN,2021-02-18 02:16:04,42.8,93.45,38.32,64,0,2.75
266,Hamilton,US,2021-02-18 02:14:06,39.1834,-84.5333,21.99,63,90,11.5
267,Vamospercs,HU,2021-02-18 02:16:04,47.5333,21.9,30.2,100,90,2.64
268,Rovaniemi,FI,2021-02-18 02:16:04,66.5,25.7167,-4.0,84,0,8.05
269,Broken Hill,AU,2021-02-18 02:16:04,-31.95,141.4333,87.8,22,0,16.11
270,Jalu,LY,2021-02-18 02:16:04,29.0331,21.5482,48.09,76,0,7.49
271,Oranjestad,AW,2021-02-18 02:16:05,12.524,-70.027,78.8,73,20,16.11
272,Chengde,CN,2021-02-18 02:16:05,40.9725,117.9361,20.28,65,0,3.94
273,Faanui,PF,2021-02-18 02:16:05,-16.4833,-151.75,81.64,74,3,11.99
274,Batagay-Alyta,RU,2021-02-18 02:16:05,67.8006,130.4114,-24.61,83,91,0.49
275,Correntina,BR,2021-02-18 02:16:05,-13.3433,-44.6367,67.91,94,100,3.38
276,Korla,CN,2021-02-18 02:16:05,41.7597,86.1469,33.1,82,0,3.47
277,Powell River,CA,2021-02-18 02:15:03,49.8496,-124.5361,37.4,81,90,4.61
278,Presidencia Roque Saenz Pena,AR,2021-02-18 02:16:05,-26.7852,-60.4388,73.81,30,0,5.91
279,Faya,SA,2021-02-18 02:16:05,18.3851,42.4509,57.2,44,0,4.61
280,Mirabad,AF,2021-02-18 02:16:05,30.4362,61.8383,58.71,24,97,8.41
281,Padang,ID,2021-02-18 02:16:06,-0.9492,100.3543,77.0,88,40,5.75
282,Ibanda,TZ,2021-02-18 02:16:06,-2.7974,32.4746,71.6,88,20,3.06
283,Tessalit,ML,2021-02-18 02:16:06,20.1986,1.0114,60.76,26,65,10.54
284,Bandarbeyla,SO,2021-02-18 02:16:06,9.4942,50.8122,73.56,71,82,8.03
285,Elizabethton,US,2021-02-18 02:12:19,36.3487,-82.2107,42.8,52,75,10.36
286,Malino,PH,2021-02-18 02:16:06,15.1257,120.6727,82.4,61,75,6.91
287,Fairbanks,US,2021-02-18 02:12:38,64.8378,-147.7164,9.0,85,40,4.61
288,Kyra,RU,2021-02-18 02:16:06,49.5776,111.9753,22.32,88,38,2.44
289,Gravdal,NO,2021-02-18 02:16:06,68.1214,13.5031,17.6,86,0,1.14
290,Kamina,CD,2021-02-18 02:16:06,-8.7386,24.9906,65.21,96,100,3.87
291,Vardo,NO,2021-02-18 02:16:06,70.3705,31.1107,27.79,97,88,22.26
292,Umuarama,BR,2021-02-18 02:12:43,-23.7664,-53.325,68.9,68,0,2.62
293,Morgan City,US,2021-02-18 02:16:07,29.6994,-91.2068,39.2,100,90,13.8
294,Buchanan,LR,2021-02-18 02:16:07,5.8808,-10.0467,75.2,94,75,7.96
295,Esso,RU,2021-02-18 02:16:07,55.9333,158.7,19.35,91,53,2.3
296,Kawalu,ID,2021-02-18 02:16:07,-7.3817,108.2082,76.66,76,95,1.9
297,Kuloy,RU,2021-02-18 02:16:07,61.0305,42.4925,-18.49,88,49,2.84
298,Sept-Iles,CA,2021-02-18 02:16:07,50.2001,-66.3821,15.01,61,1,2.3
299,Flinders,AU,2021-02-18 02:16:07,-34.5833,150.8552,72.0,83,70,3.0
300,Moyale,KE,2021-02-18 02:16:07,3.5167,39.0584,65.7,61,100,4.97
301,Kargasok,RU,2021-02-18 02:16:08,59.0556,80.8572,-17.99,87,18,8.41
302,Moura,PT,2021-02-18 02:12:22,38.1401,-7.4486,50.0,100,90,3.44
303,Belmonte,BR,2021-02-18 02:16:08,-15.8631,-38.8828,78.8,89,20,5.75
304,Kocevje,SI,2021-02-18 02:16:08,45.6433,14.8633,36.0,80,22,3.06
305,Atambua,ID,2021-02-18 02:16:08,-9.1061,124.8925,80.56,78,61,6.29
306,Kununurra,AU,2021-02-18 02:16:08,-15.7667,128.7333,89.6,41,40,4.61
307,Zhezkazgan,KZ,2021-02-18 02:16:08,47.8043,67.7144,29.25,95,100,11.81
308,Jacksonville,US,2021-02-18 02:16:08,30.3322,-81.6556,55.99,94,90,3.44
309,Gornyy,RU,2021-02-18 02:16:08,55.1153,83.9059,-10.32,91,83,8.81
310,Wassenberg,DE,2021-02-18 02:16:08,51.1,6.15,44.01,88,100,1.01
311,Kalmunai,LK,2021-02-18 02:16:08,7.4167,81.8167,75.0,84,85,6.78
312,Diego De Almagro,CL,2021-02-18 02:16:09,-26.3667,-70.05,56.68,63,0,1.21
313,Birao,CF,2021-02-18 02:16:09,10.2849,22.7882,64.98,26,33,12.44
314,Longyearbyen,SJ,2021-02-18 02:15:29,78.2186,15.6401,32.0,80,75,3.44
315,Skala,PL,2021-02-18 02:16:09,50.2305,19.8536,37.4,93,75,8.05
316,Te Anau,NZ,2021-02-18 02:16:09,-45.4167,167.7167,71.91,39,14,2.19
317,Takoradi,GH,2021-02-18 02:16:09,4.8845,-1.7554,79.74,86,100,7.34
318,Zamosc,PL,2021-02-18 02:16:09,50.7231,23.252,24.8,93,90,4.61
319,Cordele,US,2021-02-18 02:13:59,31.9635,-83.7824,53.6,62,90,10.36
320,Dourbali,TD,2021-02-18 02:16:09,11.8091,15.8632,57.49,32,0,12.64
321,Kimparana,ML,2021-02-18 02:16:10,12.8347,-4.9244,77.13,40,65,4.25
322,Ginda,IN,2021-02-18 02:16:10,30.6945,78.4932,51.8,87,40,4.61
323,Guhagar,IN,2021-02-18 02:16:10,17.4842,73.1929,71.19,76,99,2.08
324,Saint-Pierre,RE,2021-02-18 02:16:10,-21.3393,55.4781,78.8,73,0,4.61
325,Nelson,NZ,2021-02-18 02:13:00,-41.2833,173.2833,73.99,43,0,1.99
326,Pevek,RU,2021-02-18 02:16:10,69.7008,170.3133,-25.17,85,0,1.5
327,Ponta Delgada,PT,2021-02-18 02:16:10,37.7333,-25.6667,52.0,82,40,5.91
328,Touros,BR,2021-02-18 02:16:10,-5.1989,-35.4608,78.8,83,40,8.05
329,Muzhi,RU,2021-02-18 02:16:10,65.3667,64.6667,-22.54,81,99,3.51
330,Aykhal,RU,2021-02-18 02:16:10,66.0,111.5,-21.86,84,97,3.74
331,Bengkulu,ID,2021-02-18 02:16:11,-3.8004,102.2655,82.89,67,36,3.04
332,Hay River,CA,2021-02-18 02:16:11,60.8156,-115.7999,-7.6,71,0,9.22
333,Homer,US,2021-02-18 02:16:11,59.6425,-151.5483,39.99,70,1,5.75
334,Tabou,CI,2021-02-18 02:16:11,4.423,-7.3528,74.71,88,98,4.27
335,Ada,US,2021-02-18 02:16:11,43.4166,-116.1262,35.6,69,1,8.05
336,Yumen,CN,2021-02-18 02:16:11,40.2833,97.2,37.47,56,0,7.52
337,Maragogi,BR,2021-02-18 02:16:11,-9.0122,-35.2225,77.29,85,60,8.75
338,Isla Vista,US,2021-02-18 02:16:11,34.4133,-119.861,62.6,19,1,12.66
339,Gillette,US,2021-02-18 02:16:11,44.2911,-105.5022,17.6,79,90,17.27
340,Cukai,MY,2021-02-18 02:16:12,4.25,103.4167,78.8,73,20,5.75
341,Wurzburg,DE,2021-02-18 02:13:38,49.7878,9.9361,37.4,87,40,5.75
342,Nishihara,JP,2021-02-18 02:16:12,26.1842,127.7558,55.4,38,90,21.85
343,Rodrigues Alves,BR,2021-02-18 02:16:12,-7.738,-72.6509,75.83,96,100,2.95
344,Kahului,US,2021-02-18 02:16:12,20.8947,-156.47,71.6,94,90,19.57
345,Goya,AR,2021-02-18 02:16:12,-29.14,-59.2626,68.11,35,0,2.62
346,Portland,US,2021-02-18 02:11:18,45.5234,-122.6762,44.01,78,100,2.86
347,Zachepylivka,UA,2021-02-18 02:16:12,49.1939,35.2394,12.92,93,100,4.09
348,Praia Da Vitoria,PT,2021-02-18 02:16:12,38.7333,-27.0667,51.01,93,40,11.45
349,Qeshm,IR,2021-02-18 02:16:12,26.9581,56.2719,60.8,88,100,4.61
350,Ugoofaaru,MV,2021-02-18 02:16:12,5.6667,73.0,82.09,66,8,6.62
351,Ipoti,NG,2021-02-18 02:16:13,7.8738,5.0769,72.37,20,32,7.65
352,San Cristobal,VE,2021-02-18 02:16:13,7.7669,-72.225,65.89,89,100,2.24
353,Mitu,CO,2021-02-18 02:16:13,1.1983,-70.1733,72.66,95,100,3.11
354,Bejar,ES,2021-02-18 02:16:13,40.3864,-5.7634,46.99,83,100,3.0
355,Yamada,JP,2021-02-18 02:16:13,39.4667,141.95,36.14,71,29,16.22
356,Oktyabrskiy,RU,2021-02-18 02:16:13,54.4815,53.471,-13.11,87,76,6.46
357,Takanabe,JP,2021-02-18 02:16:13,32.1333,131.5,44.6,39,40,20.71
358,Dwarka,IN,2021-02-18 02:16:13,22.2394,68.9678,70.27,65,8,12.59
359,Dawlatabad,AF,2021-02-18 02:16:13,36.4141,64.9053,53.22,35,0,4.54
360,Swidnik,PL,2021-02-18 02:15:02,51.219,22.6962,24.8,93,90,4.61
361,Beringovskiy,RU,2021-02-18 02:16:13,63.05,179.3167,-14.55,87,19,8.99
362,Carolina,PR,2021-02-18 02:12:26,18.3808,-65.9574,77.0,83,75,19.57
363,Aksarayskiy,RU,2021-02-18 02:16:14,46.7924,48.0119,6.01,72,0,11.18
364,Orange,US,2021-02-18 02:15:55,33.7,-117.7675,60.8,48,20,4.61
365,Imeni Poliny Osipenko,RU,2021-02-18 02:12:08,52.4201,136.4853,6.35,87,83,1.92
366,Saint Augustine,US,2021-02-18 02:13:18,29.8947,-81.3145,55.99,94,90,6.91
367,George,ZA,2021-02-18 02:16:14,-33.963,22.4617,66.2,82,75,6.91
368,Soller,ES,2021-02-18 02:16:14,39.7662,2.7152,57.0,95,93,3.02
369,Jacqueville,CI,2021-02-18 02:16:14,5.2052,-4.4146,77.0,94,20,4.61
370,Ewa Beach,US,2021-02-18 02:16:14,21.3156,-158.0072,78.8,57,1,8.05
371,Songea,TZ,2021-02-18 02:16:14,-10.6833,35.65,66.61,100,100,5.59
372,Marsh Harbour,BS,2021-02-18 02:12:22,26.5412,-77.0636,75.42,84,80,12.82
373,Yorosso,ML,2021-02-18 02:14:18,12.3536,-4.7761,76.26,54,86,6.82
374,Cao Bang,VN,2021-02-18 02:16:15,22.6667,106.25,62.02,58,100,0.92
375,Gola Gokarannath,IN,2021-02-18 02:16:15,28.0833,80.4667,57.52,45,0,2.89
376,Tahta,EG,2021-02-18 02:16:03,26.7693,31.5021,46.4,39,0,6.91
377,Gamba,GA,2021-02-18 02:16:15,-2.65,10.0,74.77,92,100,3.2
378,Lompoc,US,2021-02-18 02:16:15,34.6391,-120.4579,53.6,71,1,9.22
379,Andros Town,BS,2021-02-18 02:16:15,24.7,-77.7667,75.2,88,20,10.36
380,Ayagoz,KZ,2021-02-18 02:16:15,47.9714,80.4392,21.94,82,50,2.55
381,Bethel,US,2021-02-18 02:16:15,41.3712,-73.414,21.99,58,1,3.56
382,Vila Velha,BR,2021-02-18 02:16:15,-20.3297,-40.2925,84.0,83,20,11.5
383,Paita,PE,2021-02-18 02:16:15,-5.0892,-81.1144,74.44,83,1,13.22
384,Simpang,ID,2021-02-18 02:16:16,-1.2667,104.0833,81.75,69,98,7.2
385,Preston,GB,2021-02-18 02:16:16,53.7667,-2.7167,50.0,88,100,11.99
386,Hvolsvollur,IS,2021-02-18 02:16:16,63.7533,-20.2243,39.2,87,75,12.66
387,Pelym,RU,2021-02-18 02:16:16,61.0108,61.9978,-26.81,82,28,2.86
388,Rajpipla,IN,2021-02-18 02:16:16,21.8667,73.5,62.6,72,40,2.93
389,Mkushi,ZM,2021-02-18 02:16:16,-13.6202,29.3939,64.96,94,100,4.09
390,Bara,NG,2021-02-18 02:16:16,10.3744,10.7288,62.47,30,0,10.51
391,Mount Gambier,AU,2021-02-18 02:16:16,-37.8333,140.7667,91.4,24,0,18.41
392,Nuuk,GL,2021-02-18 02:16:16,64.1835,-51.7216,12.2,67,75,12.66
393,Fomboni,KM,2021-02-18 02:16:16,-12.28,43.7425,82.44,79,100,9.75
394,Lamu,KE,2021-02-18 02:16:17,-2.2717,40.902,77.0,88,75,7.27
395,Gazanjyk,TM,2021-02-18 02:16:17,39.2446,55.5154,46.72,72,100,13.82
396,Hirara,JP,2021-02-18 02:16:17,24.8,125.2833,62.6,51,75,14.97
397,Davila,PH,2021-02-18 02:16:17,18.4726,120.5763,78.8,61,40,20.71
398,Qui Nhon,VN,2021-02-18 02:15:07,13.7667,109.2333,74.35,75,5,22.55
399,Aquiraz,BR,2021-02-18 02:16:17,-3.9014,-38.3911,80.6,83,40,4.61
400,Atikokan,CA,2021-02-18 02:16:17,48.7555,-91.6216,0.09,90,83,1.92
401,Prince George,CA,2021-02-18 02:15:04,53.9166,-122.753,21.99,79,1,4.61
402,Cuicatlan,MX,2021-02-18 02:16:17,17.8,-96.9667,72.63,22,0,4.29
403,Bonfim,BR,2021-02-18 02:16:17,3.0833,-59.95,80.74,60,71,8.95
404,Dharchula,IN,2021-02-18 02:16:18,29.85,80.5333,50.07,40,16,6.17
405,Orzhytsya,UA,2021-02-18 02:16:18,49.7918,32.7012,7.23,95,100,2.35
406,Kenora,CA,2021-02-18 02:16:18,49.8167,-94.4337,-0.4,50,20,4.61
407,Araure,VE,2021-02-18 02:16:18,9.5601,-69.2148,75.06,55,0,9.75
408,Anadyr,RU,2021-02-18 02:16:18,64.75,177.4833,-23.8,76,20,8.95
409,Alofi,NU,2021-02-18 02:16:18,-19.0595,-169.9187,87.8,62,90,10.36
410,Margate,GB,2021-02-18 02:15:10,51.3813,1.3862,48.0,78,100,5.01
411,Mossoro,BR,2021-02-18 02:16:18,-5.1875,-37.3442,77.63,80,100,6.78
412,Saint-Joseph,RE,2021-02-18 02:16:18,-21.3667,55.6167,78.8,73,0,4.61
413,Clara,IE,2021-02-18 02:16:18,53.3425,-7.6139,47.77,94,100,15.55
414,Labuhan,ID,2021-02-18 02:16:18,-6.8844,112.2051,80.1,82,100,8.34
415,Pimentel,PE,2021-02-18 02:16:19,-6.8367,-79.9342,72.0,85,4,4.0
416,Bud,US,2021-02-18 02:16:19,39.447,-86.1758,19.99,73,100,9.46
417,Lam Luk Ka,TH,2021-02-18 02:16:19,13.9323,100.7494,81.0,50,0,11.5
418,Asau,RO,2021-02-18 02:16:19,46.4333,26.4,30.99,69,100,2.84
419,Jiaozuo,CN,2021-02-18 02:16:19,35.2397,113.2331,48.52,42,49,8.16
420,Hit,IQ,2021-02-18 02:16:19,33.6416,42.8251,50.68,46,98,9.93
421,Sisimiut,GL,2021-02-18 02:16:19,66.9395,-53.6735,-0.85,81,0,9.13
422,Chimbote,PE,2021-02-18 02:16:20,-9.0853,-78.5783,71.71,79,0,5.01
423,Verin Dvin,AM,2021-02-18 02:16:20,40.0243,44.5904,32.0,74,20,6.91
424,Paramonga,PE,2021-02-18 02:16:20,-10.6667,-77.8333,71.98,80,0,3.51
425,Mehran,IR,2021-02-18 02:16:20,33.1222,46.1646,41.0,81,75,2.3
426,Richards Bay,ZA,2021-02-18 02:16:20,-28.783,32.0377,67.77,84,72,5.77
427,Lagunas,PE,2021-02-18 02:16:20,-5.2269,-75.6753,76.69,91,100,2.64
428,Conceicao Das Alagoas,BR,2021-02-18 02:16:20,-19.9147,-48.3883,69.37,88,26,2.64
429,Taoudenni,ML,2021-02-18 02:16:20,22.6783,-3.9836,75.47,19,100,10.74
430,Sao Filipe,CV,2021-02-18 02:16:20,14.8961,-24.4956,71.06,72,100,12.71
431,Aragats,AM,2021-02-18 02:16:20,40.4889,44.3528,32.0,74,20,6.91
432,Wajima,JP,2021-02-18 02:16:21,37.4,136.9,30.2,74,75,12.66
433,Ust-Barguzin,RU,2021-02-18 02:16:21,53.45,108.9833,22.41,96,100,3.22
434,Biak,ID,2021-02-18 02:16:21,-0.9131,122.8766,84.6,63,78,1.32
435,Rio Brilhante,BR,2021-02-18 02:16:21,-21.8019,-54.5464,68.43,81,0,3.67
436,Jacksonville Beach,US,2021-02-18 02:12:55,30.2947,-81.3931,55.99,88,90,8.05
437,Pitimbu,BR,2021-02-18 02:16:21,-7.4706,-34.8086,78.8,83,0,3.44
438,Tucurui,BR,2021-02-18 02:16:21,-3.7661,-49.6725,74.61,94,100,4.09
439,Waipawa,NZ,2021-02-18 02:16:21,-41.4122,175.5153,68.0,67,0,13.8
440,Batsfjord,NO,2021-02-18 02:16:21,70.6345,29.7185,24.4,93,74,7.52
441,Tomatlan,MX,2021-02-18 02:16:21,19.9333,-105.25,62.74,83,4,4.27
442,Namikupa,TZ,2021-02-18 02:16:21,-10.8333,39.6,71.22,94,100,3.91
443,Bitung,ID,2021-02-18 02:16:22,1.4451,125.1824,77.0,94,40,1.14
444,Alyangula,AU,2021-02-18 02:16:22,-13.8483,136.4192,84.2,84,75,8.05
445,General Delgado,PY,2021-02-18 02:16:22,-27.1667,-56.5167,73.4,49,0,5.75
446,Isangel,VU,2021-02-18 02:16:22,-19.55,169.2667,85.69,68,22,8.01
447,Rosario,AR,2021-02-18 02:15:39,-32.9468,-60.6393,75.99,77,0,5.75
448,Trat,TH,2021-02-18 02:16:22,12.5,102.5,80.01,73,20,11.5
449,Ossora,RU,2021-02-18 02:16:22,59.2353,163.0719,8.22,93,100,16.53
450,Del Rio,US,2021-02-18 02:16:22,29.3627,-100.8968,46.0,76,44,10.33
451,Umm Lajj,SA,2021-02-18 02:16:22,25.0213,37.2685,62.22,60,89,22.97
452,Along,IN,2021-02-18 02:16:22,28.1667,94.7667,61.77,51,90,1.25
453,Trincomalee,LK,2021-02-18 02:16:23,8.5711,81.2335,79.18,72,65,6.08
454,Evensk,RU,2021-02-18 02:16:23,61.95,159.2333,6.49,82,2,13.73
455,Aksu,CN,2021-02-18 02:16:23,41.1231,80.2644,29.43,89,0,0.67
456,Gimli,CA,2021-02-18 02:16:23,50.6336,-96.9907,-5.8,71,51,5.21
457,Malko Tarnovo,BG,2021-02-18 02:16:23,41.9833,27.5333,32.0,74,75,12.66
458,Shebunino,RU,2021-02-18 02:16:23,46.4339,141.8603,25.02,94,100,22.57
459,Newport,GB,2021-02-18 02:16:23,51.5877,-2.9984,51.01,84,100,1.99
460,Ayr,GB,2021-02-18 02:16:23,55.4627,-4.6339,48.2,87,75,16.11
461,College,US,2021-02-18 02:16:23,64.8569,-147.8028,9.0,78,75,4.61
462,Quatre Cocos,MU,2021-02-18 02:16:24,-20.2078,57.7625,75.99,88,75,8.05
463,Otane,NZ,2021-02-18 02:16:24,-39.8833,176.6333,70.0,58,0,5.99
464,Norfolk,US,2021-02-18 02:16:24,42.1668,-71.2495,24.01,63,1,3.4
465,Fenoarivo,MG,2021-02-18 02:16:24,-18.933,47.4354,64.4,100,75,1.14
466,Ribeira Brava,PT,2021-02-18 02:16:24,32.65,-17.0667,59.0,39,54,3.0
467,Aklavik,CA,2021-02-18 02:16:24,68.2191,-135.0107,-16.6,76,99,1.14
468,Sangar,RU,2021-02-18 02:16:24,63.9242,127.4739,-21.53,83,100,6.17
469,Shingu,JP,2021-02-18 02:16:24,33.7333,135.9833,39.2,45,75,18.41
470,Ouallam,NE,2021-02-18 02:16:24,14.3188,2.0866,68.27,22,5,13.24
471,Panjab,AF,2021-02-18 02:16:24,34.388,67.0233,12.69,51,0,2.8
472,Kirakira,SB,2021-02-18 02:16:24,-10.4544,161.9205,86.27,71,100,5.46
473,Mitsamiouli,KM,2021-02-18 02:16:24,-11.3847,43.2844,81.09,79,100,6.15
474,Sogne,NO,2021-02-18 02:16:25,58.0833,7.8167,35.01,93,90,11.5
475,Aswan,EG,2021-02-18 02:16:25,24.0934,32.907,43.65,59,0,7.92
476,Ileza,RU,2021-02-18 02:16:25,61.0533,43.9002,-17.07,90,82,2.26
477,Ketchikan,US,2021-02-18 02:16:25,55.3422,-131.6461,37.4,87,40,4.61
478,Provideniya,RU,2021-02-18 02:16:25,64.3833,-173.3,1.4,60,0,11.18
479,Itarema,BR,2021-02-18 02:16:25,-2.9248,-39.9167,77.49,80,97,7.49
480,Puro,PH,2021-02-18 02:16:25,12.4841,123.3827,79.12,68,30,18.37
481,Yinchuan,CN,2021-02-18 02:16:25,38.4681,106.2731,39.52,54,1,2.91
482,Karratha,AU,2021-02-18 02:16:26,-20.7377,116.8463,86.9,59,0,5.68
483,Singleton,AU,2021-02-18 02:16:26,-32.5667,151.1833,75.99,67,88,7.0
484,Dukat,RU,2021-02-18 02:16:26,62.55,155.55,-9.54,89,100,3.27
485,Berlevag,NO,2021-02-18 02:16:26,70.8578,29.0864,27.45,89,59,13.4
486,Campbell River,CA,2021-02-18 02:16:26,50.0163,-125.2446,36.0,93,75,4.09
487,Riyadh,SA,2021-02-18 02:14:57,24.6877,46.7219,73.4,46,75,6.91
488,Praya,CV,2021-02-18 02:15:09,14.9215,-23.5087,71.6,53,100,14.97
489,Avrille,FR,2021-02-18 02:16:26,47.5,-0.5833,48.2,81,0,13.8
490,Tabat,ID,2021-02-18 02:16:26,-2.635,115.2274,82.56,79,100,0.69
491,Ostrov,RU,2021-02-18 02:16:27,57.3439,28.3537,1.4,85,75,4.47
492,Tokur,RU,2021-02-18 02:16:27,53.1333,132.9,4.46,90,0,3.18
493,Cidreira,BR,2021-02-18 02:16:27,-30.1811,-50.2056,69.44,73,84,8.14
494,Peniche,PT,2021-02-18 02:16:27,39.3558,-9.3811,59.0,86,100,10.0
495,Dire Dawa,ET,2021-02-18 02:16:27,9.5931,41.8661,65.79,54,66,4.18
496,Jucuaran,SV,2021-02-18 02:16:27,13.2539,-88.2478,67.95,97,67,3.47
497,Thinadhoo,MV,2021-02-18 02:16:27,0.5333,72.9333,82.11,74,14,7.25
498,Winona,US,2021-02-18 02:16:27,43.9666,-91.7668,14.0,57,90,2.95
499,Nioro,GM,2021-02-18 02:16:28,13.35,-15.75,75.22,21,67,6.73
500,Laguna,US,2021-02-18 02:16:28,38.421,-121.4238,59.0,28,1,18.41
501,Plettenberg Bay,ZA,2021-02-18 02:16:28,-34.0527,23.3716,64.69,82,7,8.41
502,Golden Gate,US,2021-02-18 02:16:28,26.1879,-81.6951,75.2,83,1,4.61
503,Axim,GH,2021-02-18 02:16:28,4.8699,-2.2405,79.61,85,100,8.63
504,Sonamukhi,IN,2021-02-18 02:16:28,23.3,87.4167,66.2,88,20,3.44
505,Ballina,AU,2021-02-18 02:16:28,-28.8667,153.5667,80.6,69,40,18.41
506,Uinskoye,RU,2021-02-18 02:16:29,56.8817,56.5813,-12.86,86,48,4.94
507,Bucerias,MX,2021-02-18 02:16:29,20.75,-105.3333,72.0,64,90,4.61
508,Omboue,GA,2021-02-18 02:16:29,-1.5746,9.2618,74.68,90,100,12.08
509,Nasice,HR,2021-02-18 02:16:29,45.4886,18.0878,37.99,92,46,4.99
510,Aitape,PG,2021-02-18 02:16:29,-3.1374,142.3475,86.49,63,24,6.08
511,Malpe,IN,2021-02-18 02:16:29,13.35,74.7167,75.2,78,75,5.06
512,Sioux Lookout,CA,2021-02-18 02:14:49,50.1001,-91.917,-9.4,70,1,2.66
513,Komsomolskiy,UZ,2021-02-18 02:16:29,40.4272,71.7189,35.6,55,0,9.22
514,Dunedin,NZ,2021-02-18 02:16:29,-45.8742,170.5036,64.06,52,1,6.53
515,Santa Marta De Tormes,ES,2021-02-18 02:16:29,40.9506,-5.6272,48.99,81,0,18.41
516,Ginir,ET,2021-02-18 02:16:29,7.1333,40.7,57.02,59,12,0.92
517,Bairiki,KI,2021-02-18 02:16:29,1.3292,172.9752,86.0,70,20,12.66
518,Punta Cardon,VE,2021-02-18 02:16:30,11.6581,-70.215,76.17,79,41,21.03
519,Bose,IT,2021-02-18 02:16:30,45.4612,8.0137,42.01,74,67,3.09
520,Bambolim,IN,2021-02-18 02:16:30,15.45,73.85,73.4,94,40,5.75
521,Gobabis,NA,2021-02-18 02:16:30,-22.45,18.9667,68.14,41,1,4.76
522,Ahuimanu,US,2021-02-18 02:16:30,21.4447,-157.8378,78.8,73,75,11.5
523,Luau,AO,2021-02-18 02:16:30,-10.7073,22.2247,65.88,95,100,3.29
524,Comodoro Rivadavia,AR,2021-02-18 02:16:30,-45.8667,-67.5,71.6,30,0,20.71
525,Tateyama,JP,2021-02-18 02:16:30,34.9833,139.8667,46.4,42,20,11.5
526,Atar,MR,2021-02-18 02:16:30,20.5169,-13.0499,62.47,27,0,4.27
527,Mandan,US,2021-02-18 02:16:30,46.8267,-100.8896,12.2,79,75,1.54
528,Zaozerne,UA,2021-02-18 02:16:31,45.1582,33.2787,26.01,48,96,1.99
529,Rudbar,AF,2021-02-18 02:16:31,30.15,62.6,59.65,24,66,8.3
530,Dicabisagan,PH,2021-02-18 02:16:31,17.0818,122.4157,72.45,81,86,12.01
531,Timizart,DZ,2021-02-18 02:16:31,36.8,4.2667,51.89,45,75,6.89
532,Pyshma,RU,2021-02-18 02:16:31,56.9523,63.2513,-10.35,88,94,2.75
533,Airai,TL,2021-02-18 02:16:31,-8.9266,125.4092,71.94,79,75,4.74
534,Mae Ramat,TH,2021-02-18 02:16:31,16.984,98.5166,78.8,69,26,4.9
535,Ayan,RU,2021-02-18 02:16:31,56.45,138.1667,-1.46,79,100,2.75
536,Rabo De Peixe,PT,2021-02-18 02:16:31,37.8,-25.5833,52.0,82,40,5.35
537,Trairi,BR,2021-02-18 02:14:46,-3.2778,-39.2689,76.89,82,100,6.58
538,Tocopilla,CL,2021-02-18 02:16:07,-22.092,-70.1979,68.92,71,0,8.1
539,Shubarkuduk,KZ,2021-02-18 02:16:32,49.1447,56.4872,13.59,96,100,17.02
540,Chopinzinho,BR,2021-02-18 02:16:32,-25.8558,-52.5233,58.91,77,0,3.85
541,Udachnyy,RU,2021-02-18 02:16:32,66.4167,112.4,-25.1,81,99,3.96
542,Keflavik,IS,2021-02-18 02:16:32,64.0049,-22.5624,37.4,93,75,9.22
543,Micomeseng,GQ,2021-02-18 02:16:32,2.1462,10.6164,70.32,95,93,2.01
544,North Bend,US,2021-02-18 02:12:41,43.4065,-124.2243,48.2,71,1,4.61
545,Kungurtug,RU,2021-02-18 02:16:32,50.5994,97.5228,20.1,88,82,1.77
546,Katobu,ID,2021-02-18 02:16:32,-4.9408,122.5276,86.13,65,99,8.72
547,Fukue,JP,2021-02-18 02:16:32,32.6881,128.8419,37.4,65,75,19.57
548,Golyshmanovo,RU,2021-02-18 02:16:32,56.3979,68.3728,-10.73,90,100,3.96
549,Satellite Beach,US,2021-02-18 02:14:53,28.1761,-80.5901,68.0,82,40,8.05
550,Catalina,US,2021-02-18 02:16:33,32.5056,-110.9211,55.0,20,50,1.01
551,Mount Isa,AU,2021-02-18 02:16:33,-20.7333,139.5,87.8,48,40,17.27
552,Sinnamary,GF,2021-02-18 02:16:33,5.3833,-52.95,75.29,80,91,10.22
553,Champerico,GT,2021-02-18 02:16:33,14.3,-91.9167,69.01,86,100,7.38
554,Pascagoula,US,2021-02-18 02:16:33,30.3658,-88.5561,48.2,87,90,11.5
555,Chara,RU,2021-02-18 02:16:33,56.9064,118.2631,0.54,84,17,0.54
556,Nizhniy Odes,RU,2021-02-18 02:16:33,63.6445,54.856,-26.28,86,53,4.99
557,Dong Hoi,VN,2021-02-18 02:16:33,17.4833,106.6,67.84,84,83,13.02
558,Tulum,MX,2021-02-18 02:16:33,20.2167,-87.4667,80.6,74,40,10.36
559,Erzin,TR,2021-02-18 02:16:33,36.9559,36.2,37.0,56,78,5.99
560,Alta Floresta,BR,2021-02-18 02:16:34,-9.8756,-56.0861,69.8,99,100,2.68
561,Pocone,BR,2021-02-18 02:16:34,-16.2567,-56.6228,74.25,93,100,3.42
562,The Valley,AI,2021-02-18 02:16:34,18.217,-63.0578,77.0,73,20,18.41
563,Clonakilty,IE,2021-02-18 02:16:34,51.6231,-8.8706,37.0,93,75,6.91
564,Winnemucca,US,2021-02-18 02:16:34,40.973,-117.7357,32.0,55,90,4.61
565,Japura,ID,2021-02-18 02:16:34,-0.3167,102.35,76.17,75,93,3.09
566,Soyo,AO,2021-02-18 02:16:34,-6.1349,12.3689,80.64,81,99,6.46
567,Puerto Del Rosario,ES,2021-02-18 02:14:12,28.5004,-13.8627,64.4,68,0,12.66
568,Mangan,IN,2021-02-18 02:16:34,27.5167,88.5333,56.52,38,1,5.06
569,Banff,CA,2021-02-18 02:13:59,51.1762,-115.5698,17.6,67,89,5.75
570,Sakakah,SA,2021-02-18 02:16:34,29.9697,40.2064,46.4,39,40,13.8
571,Sarakhs,IR,2021-02-18 02:16:34,36.5449,61.1577,62.6,19,0,18.41
572,Mehamn,NO,2021-02-18 02:16:35,71.0357,27.8492,26.04,95,25,14.58
573,Wellington,NZ,2021-02-18 02:11:51,-41.2866,174.7756,68.0,63,0,13.8
