City_ID,City,Lat,Lng,Max Temp,Humidity,Cloudiness,Wind Speed,Country,Date
0,Takoradi,4.8845,-1.7554,78.66,84,12,6.62,GH,2021-02-22 06:03:31
1,Punta Arenas,-53.15,-70.9167,46.0,87,90,9.22,CL,2021-02-22 06:03:31
2,Mahebourg,-20.4081,57.7,77.0,94,75,4.61,MU,2021-02-22 06:03:32
3,New Norfolk,-42.7826,147.0587,64.99,39,88,7.0,AU,2021-02-22 06:03:32
4,Necochea,-38.5473,-58.7368,66.99,78,73,5.01,AR,2021-02-22 06:03:32
5,Mataura,-46.1927,168.8643,66.99,61,99,4.0,NZ,2021-02-22 06:03:32
6,Upernavik,72.7868,-56.1549,-18.9,84,19,14.38,GL,2021-02-22 06:03:35
7,Kapaa,22.0752,-159.319,73.99,83,40,17.27,US,2021-02-22 06:03:35
8,Kloulklubed,7.0419,134.2556,84.2,74,75,6.91,PW,2021-02-22 06:03:35
9,Bluff,-46.6,168.3333,66.99,61,100,4.0,NZ,2021-02-22 06:03:38
10,Georgetown,5.4112,100.3354,91.4,58,20,9.22,MY,2021-02-22 06:03:38
11,Hermanus,-34.4187,19.2345,62.01,73,16,1.01,ZA,2021-02-22 06:01:11
12,Calvinia,-31.4707,19.776,64.4,45,0,11.5,ZA,2021-02-22 06:03:38
13,Hilo,19.7297,-155.09,71.6,83,1,3.44,US,2021-02-22 06:03:31
14,Macklin,52.3334,-109.9348,37.4,75,98,18.41,CA,2021-02-22 06:03:42
15,Vanimo,-2.6741,141.3028,83.32,74,90,10.09,PG,2021-02-22 06:03:42
16,Mantua,45.1667,10.7833,46.99,96,49,1.01,IT,2021-02-22 06:03:42
17,Bandarbeyla,9.4942,50.8122,77.52,60,94,14.7,SO,2021-02-22 06:03:45
18,Albany,42.6001,-73.9662,17.6,67,90,4.61,US,2021-02-22 06:03:00
19,Itaituba,-4.2761,-55.9836,73.31,91,100,0.6,BR,2021-02-22 06:03:48
20,Borgarnes,64.5383,-21.9206,30.99,93,100,1.3,IS,2021-02-22 06:03:49
21,Khani,41.9563,42.9566,37.4,87,75,3.44,GE,2021-02-22 06:03:52
22,Micheweni,-4.9667,39.8333,82.45,72,100,7.29,TZ,2021-02-22 06:03:55
23,Souillac,-20.5167,57.5167,77.0,94,75,4.61,MU,2021-02-22 06:03:55
24,Port Elizabeth,-33.918,25.5701,62.6,72,0,5.75,ZA,2021-02-22 06:03:09
25,Jasper,37.2001,-94.3502,35.6,69,1,6.91,US,2021-02-22 06:03:58
26,Busselton,-33.65,115.3333,88.14,31,0,2.89,AU,2021-02-22 06:03:58
27,Jamestown,42.097,-79.2353,30.0,50,90,14.72,US,2021-02-22 06:04:02
28,Bud,39.447,-86.1758,42.01,78,100,18.72,US,2021-02-22 06:04:02
29,Victoria,22.2855,114.1577,79.0,57,0,8.99,HK,2021-02-22 06:00:34
30,Ushuaia,-54.8,-68.3,41.0,81,75,3.44,AR,2021-02-22 05:59:46
31,Mombetsu,44.3525,143.3525,28.4,69,75,10.36,JP,2021-02-22 06:04:02
32,Erbaa,40.6689,36.5675,23.0,86,0,2.3,TR,2021-02-22 06:04:03
33,Kenai,60.5544,-151.2583,19.4,79,90,6.91,US,2021-02-22 06:04:03
34,Severo-Kurilsk,50.6789,156.125,30.45,93,78,10.45,RU,2021-02-22 06:04:03
35,Goderich,43.7501,-81.7165,28.4,59,100,13.8,CA,2021-02-22 06:04:04
36,Rikitea,-23.1203,-134.9692,79.0,72,9,8.46,PF,2021-02-22 06:04:07
37,Hovd,48.0056,91.6419,33.71,58,0,5.97,MN,2021-02-22 06:04:08
38,Rabo De Peixe,37.8,-25.5833,61.0,94,40,20.71,PT,2021-02-22 06:04:08
39,Barranca,-10.75,-77.7667,68.04,87,99,4.72,PE,2021-02-22 06:04:08
40,Ancud,-41.8697,-73.8203,51.01,87,75,3.44,CL,2021-02-22 06:04:08
41,Airai,-8.9266,125.4092,68.36,100,73,3.09,TL,2021-02-22 06:04:08
42,Talnakh,69.4865,88.3972,-31.27,80,3,0.27,RU,2021-02-22 06:04:08
43,Lagoa,39.05,-27.9833,61.3,82,57,36.89,PT,2021-02-22 06:04:09
44,Barrow,71.2906,-156.7887,-4.0,71,90,10.36,US,2021-02-22 06:04:09
45,Laguna,38.421,-121.4238,48.99,66,1,4.61,US,2021-02-22 06:04:09
46,Port Blair,11.6667,92.75,86.0,70,40,11.5,IN,2021-02-22 06:04:10
47,Torbay,47.6666,-52.7314,12.0,72,75,19.57,CA,2021-02-22 06:04:10
48,George Town,5.4112,100.3354,91.4,58,20,9.22,MY,2021-02-22 06:04:10
49,Butaritari,3.0707,172.7902,81.37,79,92,18.03,KI,2021-02-22 06:04:10
50,Lavrentiya,65.5833,-171.0,-15.45,82,3,5.14,RU,2021-02-22 06:04:10
51,Cabedelo,-6.9811,-34.8339,75.2,94,20,4.61,BR,2021-02-22 06:04:14
52,Bathsheba,13.2167,-59.5167,77.0,69,40,14.97,BB,2021-02-22 06:04:14
53,Whitley Bay,55.0397,-1.4471,46.0,93,75,3.44,GB,2021-02-22 06:02:58
54,Zhigansk,66.7697,123.3711,-20.7,83,100,2.44,RU,2021-02-22 06:04:14
55,Teeli,51.0333,90.2333,9.5,89,71,2.44,RU,2021-02-22 06:04:14
56,Forrest City,35.0081,-90.7898,43.0,100,90,4.61,US,2021-02-22 06:04:14
57,Severodvinsk,64.5635,39.8302,-32.8,68,20,3.36,RU,2021-02-22 06:04:14
58,Saint-Philippe,-21.3585,55.7679,84.0,74,75,17.27,RE,2021-02-22 06:04:17
59,Vaini,-21.2,-175.2,78.8,73,20,10.36,TO,2021-02-22 06:04:17
60,Alofi,-19.0595,-169.9187,73.4,94,90,9.22,NU,2021-02-22 06:04:17
61,Pingdingshan,33.7385,113.3012,62.92,30,0,20.18,CN,2021-02-22 06:04:17
62,Hernani,43.2662,-1.9762,48.2,93,75,9.22,ES,2021-02-22 06:04:18
63,Tibiri,13.5627,7.0485,62.44,26,2,11.18,NE,2021-02-22 06:04:18
64,Provideniya,64.3833,-173.3,-10.39,83,6,1.12,RU,2021-02-22 06:04:18
65,Silleda,42.696,-8.2465,34.0,100,90,6.91,ES,2021-02-22 06:04:18
66,Puerto Ayora,-0.7393,-90.3518,75.0,97,25,8.37,EC,2021-02-22 06:04:18
67,Fairbanks,64.8378,-147.7164,-18.0,75,1,0.18,US,2021-02-22 06:01:24
68,Cabra,37.4725,-4.4421,41.0,93,40,2.3,ES,2021-02-22 06:04:18
69,Ulaangom,49.9811,92.0667,10.02,93,20,4.45,MN,2021-02-22 06:04:19
70,Banepa,27.6298,85.5214,68.0,42,20,2.3,NP,2021-02-22 06:04:19
71,Nara,34.6851,135.8049,70.0,37,20,13.8,JP,2021-02-22 06:04:19
72,Avarua,-21.2078,-159.775,75.2,100,75,1.14,CK,2021-02-22 06:04:19
73,Yellowknife,62.456,-114.3525,-9.0,70,90,9.22,CA,2021-02-22 06:04:20
74,Surt,31.2089,16.5887,58.19,70,47,9.53,LY,2021-02-22 06:04:20
75,Taoudenni,22.6783,-3.9836,64.65,26,27,7.38,ML,2021-02-22 06:04:20
76,Saldanha,-33.0117,17.9442,55.4,71,0,3.44,ZA,2021-02-22 06:01:11
77,Gabu,12.2833,-14.2167,65.5,77,0,2.84,GW,2021-02-22 06:04:24
78,Aasiaat,68.7098,-52.8699,-5.13,92,36,6.87,GL,2021-02-22 06:04:25
79,Cockburn Town,21.4612,-71.1419,76.05,76,3,25.28,TC,2021-02-22 06:04:25
80,Kahului,20.8947,-156.47,73.4,64,20,16.11,US,2021-02-22 06:04:28
81,Otjimbingwe,-22.35,16.1333,71.22,41,2,2.44,NA,2021-02-22 06:04:28
82,Pevek,69.7008,170.3133,-16.73,89,100,6.24,RU,2021-02-22 06:04:31
83,Calama,-22.4667,-68.9333,46.4,21,0,14.97,CL,2021-02-22 06:01:22
84,Pizarro,4.9533,-77.366,76.19,87,91,4.54,CO,2021-02-22 06:04:32
85,Ponta Do Sol,32.6667,-17.1,61.0,89,92,7.0,PT,2021-02-22 06:04:35
86,Tondano,1.3038,124.9112,86.0,66,40,10.36,ID,2021-02-22 06:04:35
87,Sirhind,30.6456,76.3825,79.0,69,40,6.91,IN,2021-02-22 06:04:35
88,Rapid Valley,44.0625,-103.1463,37.99,59,1,8.05,US,2021-02-22 06:04:35
89,Santa Rosa,14.3122,121.1114,80.01,83,90,3.44,PH,2021-02-22 06:04:36
90,Dudinka,69.4058,86.1778,-36.76,80,1,1.03,RU,2021-02-22 06:01:35
91,Tasiilaq,65.6145,-37.6368,32.0,93,90,27.63,GL,2021-02-22 06:04:36
92,Port Alfred,-33.5906,26.891,70.0,75,77,1.01,ZA,2021-02-22 06:04:36
93,Sur,22.5667,59.5289,78.82,39,0,4.65,OM,2021-02-22 06:04:39
94,Black River,18.0264,-77.8487,77.0,78,20,5.75,JM,2021-02-22 06:04:42
95,Rotifunk,8.2333,-12.6833,73.96,96,16,1.1,SL,2021-02-22 06:04:43
96,Tuktoyaktuk,69.4541,-133.0374,-11.2,77,90,21.85,CA,2021-02-22 06:04:43
97,Cabo San Lucas,22.8909,-109.9124,63.0,85,41,3.0,MX,2021-02-22 06:02:43
98,Kahama,-3.8333,32.6,65.95,91,100,3.04,TZ,2021-02-22 06:04:47
99,Quatre Cocos,-20.2078,57.7625,78.01,94,75,4.61,MU,2021-02-22 06:04:47
100,Geraldton,-28.7667,114.6,91.4,31,0,12.66,AU,2021-02-22 06:04:47
101,Ribeira Grande,38.5167,-28.7,62.04,82,100,29.08,PT,2021-02-22 06:04:47
102,Hobart,-42.8794,147.3294,64.99,32,40,18.41,AU,2021-02-22 06:01:42
103,Bethel,41.3712,-73.414,21.99,67,1,2.68,US,2021-02-22 06:04:51
104,Carnarvon,-24.8667,113.6333,89.6,62,0,13.8,AU,2021-02-22 06:04:55
105,Rovaniemi,66.5,25.7167,-0.4,78,75,13.8,FI,2021-02-22 06:01:52
106,Arraial Do Cabo,-22.9661,-42.0278,74.35,86,0,6.35,BR,2021-02-22 06:04:55
107,Labuhan,-6.8844,112.2051,84.67,75,58,11.21,ID,2021-02-22 06:05:00
108,Saskylakh,71.9167,114.0833,-25.31,84,86,3.56,RU,2021-02-22 06:05:03
109,Malayal,7.208,121.942,84.2,74,40,18.41,PH,2021-02-22 06:05:03
110,Fortuna,40.5982,-124.1573,48.99,100,90,5.75,US,2021-02-22 06:05:03
111,Nikolskoye,59.7035,30.7861,8.6,85,90,17.9,RU,2021-02-22 06:05:04
112,Castro,-24.7911,-50.0119,58.64,97,25,7.45,BR,2021-02-22 06:05:06
113,Hamilton,39.1834,-84.5333,44.6,49,90,12.66,US,2021-02-22 06:01:53
114,Faanui,-16.4833,-151.75,81.64,69,80,3.47,PF,2021-02-22 06:05:06
115,Bubaque,11.2833,-15.8333,76.32,59,78,11.43,GW,2021-02-22 06:05:06
116,Banjar,-8.19,114.9675,86.0,79,75,18.41,ID,2021-02-22 06:05:09
117,Cayenne,4.9333,-52.3333,77.0,94,75,6.91,GF,2021-02-22 06:05:13
118,Chincha Alta,-13.4099,-76.1323,72.0,73,0,12.66,PE,2021-02-22 06:05:16
119,Charters Towers,-20.1,146.2667,95.2,28,93,8.25,AU,2021-02-22 06:05:16
120,Tornio,65.8481,24.1466,5.0,78,90,8.05,FI,2021-02-22 06:01:25
121,Dakoro,14.5106,6.765,61.14,28,17,11.86,NE,2021-02-22 06:05:16
122,Matara,5.9485,80.5353,88.21,54,76,5.23,LK,2021-02-22 06:05:16
123,Cidreira,-30.1811,-50.2056,74.66,78,0,17.74,BR,2021-02-22 06:05:20
124,Kavieng,-2.5744,150.7967,84.85,70,68,7.09,PG,2021-02-22 06:05:20
125,Ilulissat,69.2167,-51.1,-0.4,78,9,3.44,GL,2021-02-22 06:05:20
126,Kimbe,-5.5502,150.1429,81.97,82,72,3.58,PG,2021-02-22 06:05:20
127,Hithadhoo,-0.6,73.0833,83.14,71,99,12.24,MV,2021-02-22 06:05:20
128,Port Lincoln,-34.7333,135.8667,65.03,57,90,18.75,AU,2021-02-22 06:05:20
129,Norman Wells,65.282,-126.8329,-32.8,68,20,2.3,CA,2021-02-22 06:05:23
130,Baruun-Urt,46.6806,113.2792,6.75,91,0,8.08,MN,2021-02-22 06:05:26
131,Clyde River,70.4692,-68.5914,-14.8,76,90,9.22,CA,2021-02-22 06:05:26
132,Maceio,-9.6658,-35.7353,73.4,94,0,2.3,BR,2021-02-22 06:05:27
133,Bredasdorp,-34.5322,20.0403,48.2,87,25,7.25,ZA,2021-02-22 06:05:30
134,Guerrero Negro,27.9769,-114.0611,59.54,29,0,3.02,MX,2021-02-22 06:05:30
135,Coquimbo,-29.9533,-71.3436,57.2,94,20,5.75,CL,2021-02-22 06:05:30
136,Bairiki,1.3292,172.9752,82.4,83,40,9.22,KI,2021-02-22 06:05:34
137,Sungaipenuh,-2.0833,101.3833,76.91,74,89,0.96,ID,2021-02-22 06:05:34
138,Yumen,40.2833,97.2,43.25,53,93,6.78,CN,2021-02-22 06:05:34
139,Qaanaaq,77.484,-69.3632,-14.84,68,91,2.8,GL,2021-02-22 06:05:37
140,Acajutla,13.5928,-89.8275,77.59,64,25,5.93,SV,2021-02-22 06:05:38
141,Sitka,57.0531,-135.33,41.0,81,90,8.05,US,2021-02-22 06:05:38
142,Sfantu Gheorghe,45.8667,25.7833,30.0,90,33,0.81,RO,2021-02-22 06:05:38
143,Sheregesh,52.9209,87.9869,15.48,94,100,3.04,RU,2021-02-22 06:05:38
144,Nizwa,22.9333,57.5333,78.62,22,0,2.08,OM,2021-02-22 06:05:38
145,Miraflores,19.2167,-98.8083,66.0,36,1,3.44,MX,2021-02-22 06:05:38
146,Chokurdakh,70.6333,147.9167,-33.21,83,26,7.47,RU,2021-02-22 06:05:38
147,Chitapur,17.1167,77.0833,86.67,32,16,7.96,IN,2021-02-22 06:05:38
148,Kamaishi,39.2667,141.8833,48.2,71,75,2.3,JP,2021-02-22 06:05:38
149,Mar Del Plata,-38.0023,-57.5575,69.01,72,0,20.71,AR,2021-02-22 06:05:41
150,Beyneu,45.3167,55.2,31.55,95,66,13.18,KZ,2021-02-22 06:05:44
151,Soke,13.598,-5.9386,69.35,21,15,10.18,ML,2021-02-22 06:05:44
152,Feira Grande,-9.8944,-36.6793,72.18,88,44,6.13,BR,2021-02-22 06:05:44
153,Waddan,29.1614,16.139,49.77,61,0,8.28,LY,2021-02-22 06:05:45
154,Teluk Nibung,3.001,99.8164,85.95,63,41,8.14,ID,2021-02-22 06:05:45
155,Dongsheng,39.8161,109.9776,41.02,57,55,5.39,CN,2021-02-22 06:05:45
156,Bowen,-20.0167,148.2333,95.0,59,88,12.66,AU,2021-02-22 06:05:45
157,Mastic Beach,40.7668,-72.8521,19.4,73,1,7.23,US,2021-02-22 06:05:48
158,Hit,33.6416,42.8251,49.05,47,5,8.08,IQ,2021-02-22 06:05:48
159,Colesberg,-30.72,25.0972,59.31,57,0,9.84,ZA,2021-02-22 06:05:51
160,Luderitz,-26.6481,15.1594,63.43,70,0,12.46,NA,2021-02-22 06:02:50
161,Vila Velha,-20.3297,-40.2925,77.0,88,40,6.91,BR,2021-02-22 06:01:16
162,East London,-33.0153,27.9116,64.4,77,20,5.75,ZA,2021-02-22 06:01:43
163,Quang Ngai,15.1167,108.8,77.25,62,55,6.08,VN,2021-02-22 06:05:51
164,Melilla,35.2937,-2.9383,53.6,71,20,9.22,ES,2021-02-22 06:05:51
165,Nishihara,26.1842,127.7558,77.0,56,75,9.22,JP,2021-02-22 06:05:55
166,Cherskiy,68.75,161.3,-29.13,84,100,6.13,RU,2021-02-22 06:05:55
167,Narsaq,60.9167,-46.05,19.4,53,75,2.3,GL,2021-02-22 06:05:55
168,Esperance,-33.8667,121.9,78.8,47,45,10.36,AU,2021-02-22 06:05:55
169,Atuona,-9.8,-139.0333,79.12,76,100,16.08,PF,2021-02-22 06:05:55
170,Hasaki,35.7333,140.8333,73.0,35,20,11.5,JP,2021-02-22 06:05:55
171,Nuuk,64.1835,-51.7216,19.38,85,75,3.51,GL,2021-02-22 06:05:55
172,Laukaa,58.7372,29.8453,11.64,96,100,8.99,RU,2021-02-22 06:05:55
173,Chicama,-7.8447,-79.1469,70.99,74,96,5.77,PE,2021-02-22 06:05:56
174,Alice Springs,-23.7,133.8833,96.8,20,0,9.22,AU,2021-02-22 06:02:08
175,Rundu,-17.9333,19.7667,65.5,93,100,8.23,NA,2021-02-22 06:05:56
176,Santiago,-33.4569,-70.6483,64.99,55,0,5.75,CL,2021-02-22 06:01:36
177,Atambua,-9.1061,124.8925,81.32,78,72,7.63,ID,2021-02-22 06:05:56
178,Khatanga,71.9667,102.5,-25.78,85,100,11.92,RU,2021-02-22 06:05:56
179,Klaksvik,62.2266,-6.589,44.6,93,90,16.11,FO,2021-02-22 06:05:59
180,Mikun,62.3547,50.0771,-31.02,82,23,6.64,RU,2021-02-22 06:06:02
181,Oum Hadjer,13.2954,19.6966,65.91,25,19,6.8,TD,2021-02-22 06:06:02
182,Divnogorsk,55.9594,92.3619,6.8,72,40,4.47,RU,2021-02-22 06:06:03
183,Uvira,-3.4067,29.1458,73.92,67,100,3.09,CD,2021-02-22 06:06:03
184,Isangel,-19.55,169.2667,81.52,75,76,13.44,VU,2021-02-22 06:06:06
185,Matinhos,-25.8175,-48.5428,71.01,92,46,18.99,BR,2021-02-22 06:06:09
186,Yulara,-25.2406,130.9889,95.0,21,50,11.5,AU,2021-02-22 06:06:14
187,Ostersund,63.1792,14.6357,19.99,93,90,4.61,SE,2021-02-22 06:02:47
188,Ekhabi,53.5102,142.9671,2.57,93,96,16.11,RU,2021-02-22 06:06:18
189,Hobyo,5.3505,48.5268,79.88,67,100,17.09,SO,2021-02-22 06:06:21
190,Theunissen,-28.411,26.7011,66.69,66,100,11.27,ZA,2021-02-22 06:03:30
191,Sola,-13.8833,167.55,83.48,74,90,7.76,VU,2021-02-22 06:06:21
192,Quelimane,-17.8786,36.8883,80.6,89,40,2.3,MZ,2021-02-22 06:02:33
193,Teya,60.3778,92.6267,-0.6,87,100,4.76,RU,2021-02-22 06:06:22
194,Barcelos,41.5388,-8.6151,42.8,93,20,10.36,PT,2021-02-22 06:06:22
195,Opuwo,-18.0607,13.84,68.88,54,88,1.86,NA,2021-02-22 06:06:22
196,Chuy,-33.6971,-53.4616,67.95,92,0,10.38,UY,2021-02-22 06:06:22
197,Innisfail,-17.5333,146.0333,80.22,82,100,2.33,AU,2021-02-22 06:06:22
198,Kaitangata,-46.2817,169.8464,64.0,86,99,8.01,NZ,2021-02-22 06:06:22
199,Qaqortoq,60.7167,-46.0333,19.4,53,75,2.3,GL,2021-02-22 06:06:22
200,Cape Town,-33.9258,18.4232,63.0,67,0,3.44,ZA,2021-02-22 06:03:50
201,Curup,-3.4667,102.5333,79.65,77,99,0.22,ID,2021-02-22 06:06:22
202,Russell,32.3502,-85.1999,57.2,67,90,8.05,US,2021-02-22 06:06:22
203,Yar-Sale,66.8333,70.8333,-35.5,81,37,4.76,RU,2021-02-22 06:06:22
204,Beckley,37.7782,-81.1882,32.0,64,1,12.66,US,2021-02-22 06:06:26
205,Santa Cruz De Tenerife,28.4682,-16.2546,60.01,62,0,1.14,ES,2021-02-22 06:05:28
206,Shitkino,56.3703,98.3543,12.38,93,100,3.29,RU,2021-02-22 06:06:27
207,Sioux Lookout,50.1001,-91.917,23.0,93,75,5.75,CA,2021-02-22 06:01:34
208,Mogadishu,2.0371,45.3438,80.22,75,97,18.12,SO,2021-02-22 06:04:56
209,San-Pedro,4.7485,-6.6363,75.07,92,39,4.14,CI,2021-02-22 06:06:27
210,Tocopilla,-22.092,-70.1979,66.25,68,69,4.14,CL,2021-02-22 06:06:27
211,Kodiak,57.79,-152.4072,30.2,80,75,5.75,US,2021-02-22 06:05:51
212,Salta,-24.7859,-65.4117,68.0,88,75,3.44,AR,2021-02-22 06:03:29
213,Arona,28.0996,-16.681,61.0,77,20,8.05,ES,2021-02-22 06:06:28
214,Luanda,-8.8368,13.2343,75.2,94,90,8.05,AO,2021-02-22 06:05:45
215,Tubigan,8.5322,124.3122,82.0,81,3,5.99,PH,2021-02-22 06:06:28
216,Road Town,18.4167,-64.6167,77.0,88,0,8.01,VG,2021-02-22 06:06:31
217,Lebu,-37.6167,-73.65,55.44,93,20,8.68,CL,2021-02-22 06:06:31
218,Santa Vitoria Do Palmar,-33.5189,-53.3681,68.13,92,0,10.29,BR,2021-02-22 06:06:31
219,Mount Gambier,-37.8333,140.7667,66.2,42,40,20.71,AU,2021-02-22 06:06:31
220,Ilo,-17.6394,-71.3375,69.06,75,93,4.38,PE,2021-02-22 06:06:34
221,Nouadhibou,20.931,-17.0347,62.6,77,0,20.71,MR,2021-02-22 06:06:37
222,Ballarpur,19.8333,79.35,92.46,14,0,3.53,IN,2021-02-22 06:06:37
223,Hofn,64.2539,-15.2082,41.31,69,100,3.09,IS,2021-02-22 06:06:38
224,Katsuura,35.1333,140.3,69.8,37,0,18.41,JP,2021-02-22 06:06:41
225,Saint George,37.1041,-113.5841,48.2,23,1,4.5,US,2021-02-22 06:06:44
226,Camacha,33.0833,-16.3333,60.8,88,40,4.61,PT,2021-02-22 06:06:44
227,Nanortalik,60.1432,-45.2371,22.84,94,100,8.28,GL,2021-02-22 06:06:47
228,Kondoa,-4.9,35.7833,65.97,84,100,1.03,TZ,2021-02-22 06:06:47
229,Alyangula,-13.8483,136.4192,84.2,84,90,3.44,AU,2021-02-22 06:06:47
230,Salalah,17.0151,54.0924,80.6,57,20,1.14,OM,2021-02-22 06:06:47
231,Bonfim,3.0833,-59.95,77.81,72,77,11.9,BR,2021-02-22 06:06:47
232,Eyemouth,55.8713,-2.0901,41.0,93,100,9.28,GB,2021-02-22 06:02:54
233,Kuruman,-27.4524,23.4325,68.0,75,98,10.18,ZA,2021-02-22 06:02:37
234,Mayenne,48.3333,-0.6667,50.0,76,0,6.91,FR,2021-02-22 06:06:48
235,Gamba,-2.65,10.0,77.77,84,100,3.74,GA,2021-02-22 06:06:48
236,Bhakkar,31.6253,71.0657,81.68,16,38,2.93,PK,2021-02-22 06:06:48
237,Beloha,-25.1667,45.05,87.33,61,0,7.56,MG,2021-02-22 06:06:48
238,Bambous Virieux,-20.3428,57.7575,78.01,94,75,4.61,MU,2021-02-22 06:06:51
239,Broken Hill,-31.95,141.4333,80.6,29,0,20.71,AU,2021-02-22 06:06:51
240,Ataco,3.5915,-75.3818,72.77,77,92,1.97,CO,2021-02-22 06:06:54
241,Marsala,37.7966,12.4352,55.4,76,0,9.22,IT,2021-02-22 06:06:54
242,Longyearbyen,78.2186,15.6401,23.0,68,40,16.11,SJ,2021-02-22 06:02:03
243,Bambanglipuro,-7.95,110.2833,85.8,67,72,9.95,ID,2021-02-22 06:06:54
244,Christchurch,-43.5333,172.6333,66.2,72,76,13.8,NZ,2021-02-22 06:03:04
245,Newport,51.5877,-2.9984,46.0,92,100,5.06,GB,2021-02-22 06:06:54
246,Ahipara,-35.1667,173.1667,69.64,70,92,11.41,NZ,2021-02-22 06:06:55
247,Nehe,48.4833,124.8333,7.95,85,17,12.1,CN,2021-02-22 06:06:58
248,Mineros,-17.1167,-63.2333,75.2,100,65,2.86,BO,2021-02-22 06:06:58
249,Guanica,17.9716,-66.908,71.01,74,0,1.01,PR,2021-02-22 06:06:58
250,Whitehorse,60.7161,-135.0538,-2.0,84,75,5.75,CA,2021-02-22 06:06:59
251,Lolodorf,3.2333,10.7333,70.74,94,87,1.61,CM,2021-02-22 06:06:59
252,Tigil,57.8,158.6667,10.17,95,79,6.31,RU,2021-02-22 06:06:59
253,Dikson,73.5069,80.5464,0.84,94,100,5.19,RU,2021-02-22 06:06:59
254,Chato,-2.6378,31.7669,69.19,76,100,5.86,TZ,2021-02-22 06:06:59
255,Terrasini,38.146,13.0844,51.8,71,0,3.44,IT,2021-02-22 06:06:59
256,Thompson,55.7435,-97.8558,26.6,93,90,3.44,CA,2021-02-22 06:05:56
257,Marsh Harbour,26.5412,-77.0636,68.9,77,86,21.72,BS,2021-02-22 06:06:21
258,Emerald,-23.5333,148.1667,105.8,15,40,6.91,AU,2021-02-22 06:07:00
259,Chapada Dos Guimaraes,-15.4606,-55.7497,80.6,74,40,11.5,BR,2021-02-22 06:07:00
260,Sinnamary,5.3833,-52.95,76.35,85,94,14.58,GF,2021-02-22 06:07:00
261,Elko,41.0002,-115.5012,28.0,76,5,8.01,US,2021-02-22 06:07:04
262,Tanout,14.9709,8.8879,58.96,30,0,11.77,NE,2021-02-22 06:07:04
263,Bondowoso,-7.9135,113.8214,83.98,67,90,5.59,ID,2021-02-22 06:07:07
264,Broome,42.2506,-75.833,24.01,58,90,8.05,US,2021-02-22 06:07:07
265,Brae,60.3964,-1.353,44.6,87,35,12.66,GB,2021-02-22 06:07:07
266,Itarema,-2.9248,-39.9167,79.25,82,81,12.86,BR,2021-02-22 06:07:10
267,Sao Felix Do Xingu,-6.6447,-51.995,71.83,96,100,0.51,BR,2021-02-22 06:03:38
268,Itoman,26.1247,127.6694,77.0,56,75,9.22,JP,2021-02-22 06:07:13
269,Iset,56.9779,60.3718,-7.6,77,40,2.24,RU,2021-02-22 06:07:14
270,Belyy Yar,53.6039,91.3903,17.6,79,75,2.24,RU,2021-02-22 06:07:14
271,Adrar,20.5022,-10.0711,61.43,32,0,10.76,MR,2021-02-22 06:07:14
272,Ballina,-28.8667,153.5667,86.0,65,0,11.5,AU,2021-02-22 06:07:14
273,Abha,18.2164,42.5053,59.0,77,40,11.5,SA,2021-02-22 06:07:14
274,Maniitsoq,65.4167,-52.9,20.93,87,12,7.81,GL,2021-02-22 06:07:17
275,Umea,63.8284,20.2597,14.0,92,90,5.75,SE,2021-02-22 06:07:20
276,Iqaluit,63.7506,-68.5145,-11.2,70,90,3.44,CA,2021-02-22 06:07:21
277,Kurchum,48.5722,83.6542,11.28,93,76,1.7,KZ,2021-02-22 06:07:21
278,Tiksi,71.6872,128.8694,-26.01,85,35,5.35,RU,2021-02-22 06:07:21
279,Las Vegas,36.175,-115.1372,50.0,22,1,5.23,US,2021-02-22 06:07:07
280,Talavera De La Reina,39.9635,-4.8308,37.92,89,94,11.48,ES,2021-02-22 06:07:21
281,Waipawa,-41.4122,175.5153,71.6,64,76,19.57,NZ,2021-02-22 06:07:24
282,Petropavlovsk-Kamchatskiy,53.0452,158.6483,35.6,44,62,11.18,RU,2021-02-22 06:03:13
283,Georgiyevka,43.0369,74.7114,37.4,93,90,4.47,KZ,2021-02-22 06:07:24
284,Manaure,11.7751,-72.4445,75.74,78,26,9.46,CO,2021-02-22 06:07:24
285,Khanewal,30.3,71.9333,75.2,35,14,6.91,PK,2021-02-22 06:03:31
286,Azagra,9.4779,123.1367,86.0,70,40,6.91,PH,2021-02-22 06:07:24
287,Kungurtug,50.5994,97.5228,19.78,84,98,1.41,RU,2021-02-22 06:07:24
288,Latung,5.5,120.8833,81.01,82,72,15.93,PH,2021-02-22 06:07:27
289,Riyadh,24.6877,46.7219,59.0,55,40,3.44,SA,2021-02-22 06:07:31
290,Oshikango,-17.4,15.8833,68.31,69,99,4.79,NA,2021-02-22 06:07:31
291,Tuatapere,-46.1333,167.6833,66.99,61,100,4.0,NZ,2021-02-22 06:07:34
292,Mayo,38.8876,-76.5119,35.01,69,75,11.5,US,2021-02-22 06:07:34
293,Sahuaripa,29.05,-109.2333,57.29,34,6,2.53,MX,2021-02-22 06:03:07
294,Akcakoca,41.0866,31.1162,39.15,73,48,2.21,TR,2021-02-22 06:07:34
295,Campo Verde,-20.4167,-54.0667,73.4,68,0,4.61,BR,2021-02-22 06:07:35
296,Hambantota,6.1241,81.1185,89.6,70,40,12.66,LK,2021-02-22 06:07:35
297,San Pedro,14.35,121.0167,80.01,83,90,3.44,PH,2021-02-22 06:07:35
298,Pisco,-13.7,-76.2167,72.0,73,0,12.66,PE,2021-02-22 06:07:35
299,Liling,27.6667,113.5,77.0,57,99,4.47,CN,2021-02-22 06:07:35
300,Codrington,-38.2667,141.9667,59.83,58,85,18.16,AU,2021-02-22 06:07:38
301,Namibe,-15.1961,12.1522,69.26,75,99,6.04,AO,2021-02-22 06:07:38
302,Yangcun,39.3639,117.0603,50.0,42,0,13.42,CN,2021-02-22 06:07:38
303,Daru,-9.0763,143.2092,85.41,71,80,7.02,PG,2021-02-22 06:05:49
304,Kendari,-3.945,122.4989,85.75,69,100,1.14,ID,2021-02-22 06:07:42
305,Pandan,14.0453,124.1694,80.01,87,100,14.25,PH,2021-02-22 06:07:42
306,Tortoli,39.9256,9.6572,55.4,100,40,8.05,IT,2021-02-22 06:07:42
307,Harper,4.375,-7.7169,78.15,84,60,6.33,LR,2021-02-22 06:07:42
308,La Roche-Sur-Yon,46.6667,-1.4333,51.8,76,90,6.91,FR,2021-02-22 06:07:46
309,Balkhash,46.844,74.9804,23.0,86,0,15.66,KZ,2021-02-22 06:07:49
310,Lorengau,-2.0226,147.2712,84.85,72,98,6.46,PG,2021-02-22 06:07:49
311,Tierralta,8.1736,-76.0592,74.93,88,64,5.44,CO,2021-02-22 06:07:49
312,Kulhudhuffushi,6.6221,73.07,82.11,68,89,8.16,MV,2021-02-22 06:07:52
313,Siocon,7.7061,122.1353,80.91,83,65,8.97,PH,2021-02-22 06:07:52
314,Dalbandin,28.8947,64.4101,72.05,26,16,6.33,PK,2021-02-22 06:07:52
315,Shelopugino,51.6514,117.5599,1.49,84,14,8.99,RU,2021-02-22 06:07:52
316,Keti Bandar,24.1447,67.4497,83.64,28,0,11.95,PK,2021-02-22 06:07:52
317,Deputatskiy,69.3,139.9,-27.11,86,1,1.83,RU,2021-02-22 06:07:53
318,Merauke,-8.4667,140.3333,85.69,66,100,7.52,ID,2021-02-22 06:07:53
319,Puerto Colombia,10.9878,-74.9547,78.8,83,20,17.27,CO,2021-02-22 06:07:53
320,Anadyr,64.75,177.4833,-11.2,77,0,11.18,RU,2021-02-22 06:07:53
321,La Ronge,55.1001,-105.2842,39.2,75,94,6.91,CA,2021-02-22 06:07:53
322,Mangai,-4.05,19.5333,71.13,88,91,1.81,CD,2021-02-22 06:07:53
323,Lasa,46.6166,10.7002,41.0,86,0,2.3,IT,2021-02-22 06:07:53
324,Serebryansk,49.6925,83.2892,28.4,80,90,13.42,KZ,2021-02-22 06:07:56
325,Sistranda,63.7256,8.834,37.4,87,0,19.57,NO,2021-02-22 06:07:56
326,Indramayu,-6.3264,108.32,83.07,78,53,14.2,ID,2021-02-22 06:07:56
327,Voh,-20.9667,164.7,83.43,78,81,2.57,NC,2021-02-22 06:07:56
328,Tres Arroyos,-38.3739,-60.2798,67.91,60,43,11.52,AR,2021-02-22 06:07:56
329,Monteagudo,-19.8167,-63.9833,63.91,80,29,2.37,BO,2021-02-22 06:07:56
330,Rudbar,30.15,62.6,61.68,34,48,7.7,AF,2021-02-22 06:07:57
331,Zilair,52.2332,57.4392,-6.56,89,35,2.33,RU,2021-02-22 06:07:57
332,Ahuimanu,21.4447,-157.8378,77.0,73,75,10.36,US,2021-02-22 06:07:57
333,Batemans Bay,-35.7167,150.1833,66.0,81,100,9.51,AU,2021-02-22 06:08:00
334,Lata,40.1629,-8.3327,46.99,100,40,4.61,PT,2021-02-22 06:08:03
335,Olinda,-8.0089,-34.8553,78.8,65,40,4.61,BR,2021-02-22 06:08:07
336,Kruisfontein,-34.0033,24.7314,66.0,68,3,1.01,ZA,2021-02-22 06:08:07
337,Biak,-0.9131,122.8766,83.89,71,100,3.85,ID,2021-02-22 06:08:10
338,Sahibganj,25.25,87.65,84.87,20,0,8.61,IN,2021-02-22 06:08:10
339,Srednekolymsk,67.45,153.6833,-30.91,82,0,2.93,RU,2021-02-22 06:08:10
340,Olafsvik,64.8945,-23.7142,37.62,78,100,2.86,IS,2021-02-22 06:08:10
341,Malakal,9.5334,31.6605,78.89,15,34,11.7,SS,2021-02-22 06:08:10
342,Prestea,5.4327,-2.1428,73.85,96,4,1.32,GH,2021-02-22 06:08:10
343,Socorro,31.6546,-106.3033,44.6,26,1,5.75,US,2021-02-22 06:08:10
344,Wilmington,34.2257,-77.9447,46.0,81,75,4.61,US,2021-02-22 06:06:27
345,Sept-Iles,50.2001,-66.3821,17.6,49,1,4.61,CA,2021-02-22 06:08:11
346,Ratzeburg,53.7,10.7667,37.99,87,0,1.99,DE,2021-02-22 06:08:11
347,Sable-Sur-Sarthe,47.8376,-0.3329,52.0,81,0,5.75,FR,2021-02-22 06:08:11
348,Saint-Ambroise,48.5501,-71.3324,12.2,79,56,2.3,CA,2021-02-22 06:08:17
349,Eureka,40.8021,-124.1637,48.0,93,100,7.14,US,2021-02-22 06:07:26
350,Kaeo,-35.1,173.7833,69.01,74,89,5.99,NZ,2021-02-22 06:08:17
351,Beringovskiy,63.05,179.3167,-19.77,81,0,5.79,RU,2021-02-22 06:08:17
352,Abu Dhabi,24.4667,54.3667,77.0,65,0,8.05,AE,2021-02-22 06:08:22
353,Bengkulu,-3.8004,102.2655,84.7,68,94,9.01,ID,2021-02-22 06:07:44
354,Comodoro Rivadavia,-45.8667,-67.5,55.4,71,20,6.91,AR,2021-02-22 06:06:00
355,Isiro,2.7739,27.616,69.3,56,92,1.54,CD,2021-02-22 06:08:23
356,Kota Bahru,6.1333,102.2386,86.0,51,20,8.05,MY,2021-02-22 06:08:23
357,Joniskis,56.2403,23.6153,33.8,86,100,10.36,LT,2021-02-22 06:08:26
358,Ouallam,14.3188,2.0866,64.36,24,0,10.11,NE,2021-02-22 06:08:26
359,Hammerfest,70.6634,23.6821,8.6,85,90,21.85,NO,2021-02-22 06:08:26
360,Chistoye,56.5375,43.0045,-14.01,76,0,6.71,RU,2021-02-22 06:08:34
361,Antalaha,-14.9003,50.2788,79.83,85,32,7.63,MG,2021-02-22 06:08:34
362,Mwandiga,-4.83,29.6581,71.6,94,75,5.55,TZ,2021-02-22 06:08:34
363,Narasannapeta,18.4167,84.05,89.58,24,6,2.75,IN,2021-02-22 06:08:38
364,Tysmenytsya,48.9022,24.8448,12.2,100,90,2.17,UA,2021-02-22 06:08:38
365,Shimoda,34.6667,138.95,66.2,52,0,19.57,JP,2021-02-22 06:08:38
366,Leningradskiy,69.3833,178.4167,-14.28,85,100,10.11,RU,2021-02-22 06:08:39
367,Aswan,24.0934,32.907,57.07,46,0,10.83,EG,2021-02-22 06:08:43
368,Bardiyah,31.7561,25.0865,54.05,78,9,11.12,LY,2021-02-22 06:08:43
369,Aykhal,66.0,111.5,-24.88,80,38,1.63,RU,2021-02-22 06:08:43
370,Scottsboro,34.6723,-86.0341,55.4,47,90,12.66,US,2021-02-22 06:08:43
371,Wanning,18.8003,110.3967,75.11,62,13,7.49,CN,2021-02-22 06:08:47
372,Lumeje,-11.55,20.7833,65.07,94,100,4.54,AO,2021-02-22 06:08:47
373,Las Choapas,17.9333,-94.0833,66.47,93,37,4.38,MX,2021-02-22 06:08:51
374,San Quintin,30.4833,-115.95,57.6,56,0,1.1,MX,2021-02-22 06:05:19
375,Seminole,28.7086,-81.2081,59.0,88,1,3.44,US,2021-02-22 06:08:51
376,Touros,-5.1989,-35.4608,77.0,83,75,3.44,BR,2021-02-22 06:08:51
377,Haines Junction,60.7522,-137.5108,-0.4,78,100,6.91,CA,2021-02-22 06:08:55
378,La Palma,33.8464,-118.0467,61.0,44,1,4.59,US,2021-02-22 06:08:55
379,Lanzhou,36.0564,103.7922,50.0,17,0,4.47,CN,2021-02-22 06:08:58
380,Eregli,37.5133,34.0467,27.18,87,0,2.1,TR,2021-02-22 06:07:28
381,Portland,45.5234,-122.6762,50.0,87,90,13.8,US,2021-02-22 06:09:01
382,San Patricio,28.017,-97.5169,62.6,94,1,4.61,US,2021-02-22 06:09:02
383,Khorinsk,52.1657,109.7726,4.46,84,6,3.09,RU,2021-02-22 06:09:02
384,Pinega,64.7001,43.3936,-29.96,84,4,3.87,RU,2021-02-22 06:09:02
385,Morondava,-20.2833,44.2833,82.71,79,73,6.04,MG,2021-02-22 06:09:02
386,Jishou,28.3167,109.7167,80.01,49,0,1.68,CN,2021-02-22 06:05:46
387,Youkounkoun,12.5333,-13.1333,67.3,74,3,3.58,GN,2021-02-22 06:09:02
388,Salisbury,51.0693,-1.7957,45.0,93,75,4.61,GB,2021-02-22 06:04:20
389,Hay River,60.8156,-115.7999,-7.6,77,100,10.36,CA,2021-02-22 06:09:03
390,Port Hardy,50.6996,-127.4199,48.2,93,90,6.91,CA,2021-02-22 06:09:03
391,Pachelma,53.2443,43.3521,8.1,95,100,9.55,RU,2021-02-22 06:09:03
392,Palmer,42.1584,-72.3287,12.0,85,1,2.98,US,2021-02-22 06:09:06
393,Mana,5.6592,-53.7767,76.44,85,94,13.18,GF,2021-02-22 06:09:06
394,Kodinsk,58.6881,99.1844,-2.97,89,100,3.87,RU,2021-02-22 06:09:06
395,Jalu,29.0331,21.5482,51.37,63,0,5.7,LY,2021-02-22 06:09:06
396,Teknaf,20.8624,92.3058,84.25,33,50,13.96,BD,2021-02-22 06:09:06
397,Sembe,1.6481,14.5806,71.17,90,18,3.09,CG,2021-02-22 06:09:06
398,Qunduz,36.729,68.857,51.19,54,100,4.74,AF,2021-02-22 06:09:06
399,Mundo Nuevo,18.7,-95.5,67.71,81,51,3.24,MX,2021-02-22 06:09:09
400,Korhogo,9.45,-5.6333,68.99,23,66,3.18,CI,2021-02-22 06:09:10
401,Davila,18.4726,120.5763,80.6,74,20,9.22,PH,2021-02-22 06:09:13
402,Barinas,8.6226,-70.2075,79.88,51,60,3.67,VE,2021-02-22 06:09:13
403,Buchanan,5.8808,-10.0467,78.1,87,99,2.33,LR,2021-02-22 06:09:13
404,Erdenet,49.0333,104.0833,15.22,86,100,3.58,MN,2021-02-22 06:09:13
405,Batouri,4.4333,14.3667,65.82,41,51,1.86,CM,2021-02-22 06:09:13
406,Burnie,-41.0667,145.9167,60.01,51,50,21.0,AU,2021-02-22 06:09:13
407,Coihaique,-45.5752,-72.0662,48.2,76,90,3.44,CL,2021-02-22 06:09:13
408,Kenda,23.2,86.5333,80.6,34,24,3.27,IN,2021-02-22 06:09:13
409,Bilibino,68.0546,166.4372,-30.62,81,96,1.95,RU,2021-02-22 06:09:13
410,Tuy Hoa,13.0833,109.3,74.43,71,100,10.04,VN,2021-02-22 06:09:17
411,Requena,39.4883,-1.1004,50.0,76,100,1.01,ES,2021-02-22 06:09:17
412,Evensk,61.95,159.2333,-3.23,77,0,9.26,RU,2021-02-22 06:09:17
413,Salinas,36.6777,-121.6555,51.8,81,1,3.8,US,2021-02-22 06:09:17
414,Serra Talhada,-7.9919,-38.2983,70.97,80,98,6.49,BR,2021-02-22 06:09:17
415,Lahat,-3.8,103.5333,85.17,69,100,4.09,ID,2021-02-22 06:09:17
416,Saint Anthony,45.0205,-93.218,27.0,93,90,3.44,US,2021-02-22 06:09:20
417,Portobelo,9.55,-79.65,75.0,99,27,11.9,PA,2021-02-22 06:09:20
418,Zhongshu,24.5167,103.7667,66.36,47,0,9.24,CN,2021-02-22 06:09:20
419,Karratha,-20.7377,116.8463,99.86,34,31,10.0,AU,2021-02-22 06:09:20
420,Verkhnetulomskiy,68.6073,31.7962,-27.4,75,0,2.24,RU,2021-02-22 06:09:21
421,Voi,-3.3945,38.563,76.19,74,100,3.78,KE,2021-02-22 06:09:21
422,Sechura,-5.5569,-80.8222,73.33,72,99,10.65,PE,2021-02-22 06:09:21
423,Kalmunai,7.4167,81.8167,83.68,71,44,11.97,LK,2021-02-22 06:09:21
424,Yerbogachen,61.2767,108.0108,-11.49,87,96,5.08,RU,2021-02-22 06:07:49
425,Bhor,18.1667,73.85,84.02,31,9,10.51,IN,2021-02-22 06:09:21
426,Ambon,-3.6954,128.1814,84.2,74,40,8.05,ID,2021-02-22 06:09:21
427,Aqtobe,50.2797,57.2072,-4.0,77,40,8.95,KZ,2021-02-22 06:09:21
428,Choctaw,35.4976,-97.2689,41.0,60,1,7.58,US,2021-02-22 06:09:21
429,Haapiti,-17.5667,-149.8667,80.01,78,75,3.44,PF,2021-02-22 06:09:22
430,Iwanai,42.9744,140.5089,33.03,89,89,4.09,JP,2021-02-22 06:09:22
431,Tura,25.5198,90.2201,86.45,17,0,3.94,IN,2021-02-22 06:09:22
432,Moree,-29.4667,149.85,100.4,17,21,19.57,AU,2021-02-22 06:09:22
433,Ukiah,39.1502,-123.2078,51.01,81,1,3.36,US,2021-02-22 06:09:25
434,Mattru,7.6244,-11.8332,74.32,95,63,1.43,SL,2021-02-22 06:09:25
435,Araouane,18.9048,-3.5265,71.58,19,0,8.99,ML,2021-02-22 06:09:25
436,Nizhniy Odes,63.6445,54.856,-33.16,83,21,4.29,RU,2021-02-22 06:09:25
437,Shubarkuduk,49.1447,56.4872,8.92,95,100,12.48,KZ,2021-02-22 06:09:29
438,Los Llanos De Aridane,28.6585,-17.9182,60.8,67,0,8.05,ES,2021-02-22 06:09:29
439,Ocampo,21.65,-101.5,50.7,43,0,4.21,MX,2021-02-22 06:09:29
440,Puerto Ayacucho,5.6639,-67.6236,77.32,72,77,3.0,VE,2021-02-22 06:09:32
441,San Carlos,9.6612,-68.5827,70.45,76,17,4.5,VE,2021-02-22 06:09:32
442,Chifeng,42.2683,118.9636,25.97,56,0,20.98,CN,2021-02-22 06:09:32
443,Trinidad,-14.8333,-64.9,73.13,97,100,2.15,BO,2021-02-22 06:09:32
444,Stuttgart,48.7823,9.177,36.0,100,0,1.14,DE,2021-02-22 06:07:00
445,Nantucket,41.2835,-70.0995,28.0,74,1,8.32,US,2021-02-22 06:05:44
446,Renfrew,55.872,-4.3925,44.6,87,75,8.05,GB,2021-02-22 06:09:36
447,Viedma,-40.8135,-62.9967,63.28,45,7,11.18,AR,2021-02-22 06:09:36
448,Heinola,61.2056,26.0381,12.0,85,90,14.97,FI,2021-02-22 06:09:39
449,Alekseyevsk,57.8406,108.3492,0.5,87,95,7.83,RU,2021-02-22 06:09:39
450,Honiara,-9.4333,159.95,83.62,75,89,1.77,SB,2021-02-22 06:09:39
451,Sandwick,60.0,-1.25,44.6,87,77,12.66,GB,2021-02-22 06:09:42
452,College,64.8569,-147.8028,-18.0,68,1,0.02,US,2021-02-22 06:09:42
453,Nago,26.5881,127.9761,77.0,53,75,9.22,JP,2021-02-22 06:09:45
454,Mitsamiouli,-11.3847,43.2844,82.63,72,47,3.2,KM,2021-02-22 06:09:46
455,Ilhabela,-23.7781,-45.3581,74.98,82,51,2.51,BR,2021-02-22 06:07:23
456,Fare,-16.7,-151.0167,80.96,73,100,5.77,PF,2021-02-22 06:09:46
457,Grand Forks,47.9417,-97.4337,32.0,80,1,10.36,US,2021-02-22 06:09:49
458,Moengo,5.6167,-54.4,72.52,96,89,3.22,SR,2021-02-22 06:09:49
459,Caronport,50.4501,-105.8179,33.8,69,100,20.71,CA,2021-02-22 06:09:49
460,San Matias,-16.3667,-58.4,76.42,80,100,3.98,BO,2021-02-22 06:09:49
461,Puerto Suarez,-18.95,-57.8,72.57,53,0,2.86,BO,2021-02-22 06:09:52
462,Padang,-0.9492,100.3543,89.6,58,20,6.91,ID,2021-02-22 06:09:52
463,Saint-Denis,48.9167,2.3333,52.0,71,0,3.44,FR,2021-02-22 06:09:52
464,Bonavista,48.6499,-53.1147,12.0,72,100,6.91,CA,2021-02-22 06:09:52
465,Sibu,2.3,111.8167,86.0,58,40,4.61,MY,2021-02-22 06:09:55
466,Miri,4.4148,114.0089,84.2,74,40,9.22,MY,2021-02-22 06:09:20
467,Novosergiyevka,52.0934,53.6528,-7.78,90,100,7.56,RU,2021-02-22 06:09:59
468,Gander,48.9682,-54.5906,6.8,72,40,11.5,CA,2021-02-22 06:09:59
469,Hualmay,-11.0964,-77.6139,69.4,82,98,7.49,PE,2021-02-22 06:09:59
470,Neryungri,56.6709,124.6491,-16.31,84,100,11.59,RU,2021-02-22 06:10:02
471,Landerneau,48.4525,-4.2525,44.6,93,90,4.61,FR,2021-02-22 06:08:04
472,Hami,42.8,93.45,45.99,52,100,3.76,CN,2021-02-22 06:10:02
473,Arman,59.7,150.1667,4.96,84,100,9.4,RU,2021-02-22 06:10:02
474,Sainte-Marie,-20.8968,55.5496,82.4,69,75,20.71,RE,2021-02-22 06:10:06
475,Khulna,22.8135,89.5672,88.95,16,48,6.26,BD,2021-02-22 06:10:09
476,Ginda,30.6945,78.4932,71.37,21,0,6.02,IN,2021-02-22 06:10:12
477,Tahta,26.7693,31.5021,50.0,50,0,5.75,EG,2021-02-22 06:10:12
478,Cururupu,-1.8283,-44.8683,74.86,96,100,2.64,BR,2021-02-22 06:07:11
479,Alihe,50.5667,123.7167,4.33,79,3,11.97,CN,2021-02-22 06:10:12
480,Vraca,43.8422,18.3955,26.6,100,0,2.3,BA,2021-02-22 06:10:12
481,Florida,28.7505,-82.5001,57.0,94,1,4.61,US,2021-02-22 06:05:14
482,Belmopan,17.25,-88.7667,68.0,74,95,0.43,BZ,2021-02-22 06:10:13
483,Srikakulam,18.3,83.9,89.28,26,9,2.57,IN,2021-02-22 06:10:13
484,Nalut,30.3333,10.85,52.27,36,14,12.44,LY,2021-02-22 06:10:13
485,Rio Gallegos,-51.6226,-69.2181,44.6,65,75,19.57,AR,2021-02-22 06:10:14
486,Cody,44.5263,-109.0565,35.6,48,1,35.68,US,2021-02-22 06:10:17
487,Sabha,27.0377,14.4283,49.69,44,0,8.03,LY,2021-02-22 06:10:17
488,Dunedin,-45.8742,170.5036,63.0,81,92,8.01,NZ,2021-02-22 06:10:17
489,Dickinson,29.4608,-95.0513,57.0,87,1,3.49,US,2021-02-22 06:08:45
490,Aksu,41.1231,80.2644,48.0,46,100,5.26,CN,2021-02-22 06:10:17
491,Hauknes,66.2833,14.0667,23.0,86,75,3.44,NO,2021-02-22 06:10:17
492,Welwyn Garden City,51.8017,-0.2069,46.4,87,100,5.75,GB,2021-02-22 06:10:18
493,Otautau,-46.15,168.0,66.99,62,100,4.0,NZ,2021-02-22 06:10:21
494,Barillas,15.8036,-91.3158,57.2,94,40,1.68,GT,2021-02-22 06:10:21
495,Blythe,33.6103,-114.5964,53.6,19,1,9.22,US,2021-02-22 06:10:21
496,Tabuk,17.4189,121.4443,82.63,65,52,4.12,PH,2021-02-22 06:10:21
497,Congleton,53.1631,-2.2125,45.0,82,100,2.64,GB,2021-02-22 06:10:21
498,Biltine,14.5333,20.9167,65.3,25,2,9.62,TD,2021-02-22 06:10:21
499,Danane,7.2596,-8.155,69.08,98,77,1.95,CI,2021-02-22 06:10:21
500,Isetskoye,56.4858,65.3226,-5.19,90,99,4.27,RU,2021-02-22 06:10:21
501,Agdam,39.991,46.9274,39.27,69,0,2.84,AZ,2021-02-22 06:10:25
502,Kargasok,59.0556,80.8572,-7.56,89,99,7.9,RU,2021-02-22 06:10:25
503,Faya,18.3851,42.4509,59.0,77,40,11.5,SA,2021-02-22 06:10:25
504,Pangnirtung,66.1451,-65.7125,-9.4,54,20,0.47,CA,2021-02-22 06:10:25
505,Cravo Norte,6.3017,-70.2041,80.42,49,39,5.91,CO,2021-02-22 06:10:26
506,South Sioux City,42.4739,-96.4136,28.0,92,1,9.28,US,2021-02-22 06:10:29
507,Raudeberg,61.9875,5.1352,48.0,68,86,13.98,NO,2021-02-22 06:10:32
508,Svetlyy,54.675,20.1347,37.0,93,4,4.47,RU,2021-02-22 06:10:36
509,Khorixas,-20.3667,14.9667,68.74,39,71,2.44,NA,2021-02-22 06:10:39
510,Aksarka,66.5606,67.7975,-33.84,82,31,3.69,RU,2021-02-22 06:10:42
511,Lucea,18.451,-78.1736,77.0,78,20,5.75,JM,2021-02-22 06:10:47
512,Santa Clara,22.4,-79.9667,69.8,100,75,8.05,CU,2021-02-22 06:10:47
513,Muros,42.7762,-9.0603,34.0,100,90,6.91,ES,2021-02-22 06:10:47
514,Kankan,10.3854,-9.3057,72.7,22,3,2.3,GN,2021-02-22 06:09:06
515,Ossora,59.2353,163.0719,6.51,93,100,7.83,RU,2021-02-22 06:10:47
516,Aulla,44.2146,9.9678,52.0,80,0,6.71,IT,2021-02-22 06:10:47
517,Rawson,-43.3002,-65.1023,60.28,42,89,18.68,AR,2021-02-22 06:10:51
518,Obo,5.3998,26.4869,71.1,29,66,2.24,CF,2021-02-22 06:10:51
519,Ciudad Bolivar,8.1222,-63.5497,76.39,75,88,11.65,VE,2021-02-22 06:10:51
520,San Carlos Del Zulia,9.0,-71.9135,73.35,85,6,2.68,VE,2021-02-22 06:10:51
521,Boca Do Acre,-8.7522,-67.3978,71.85,97,100,1.07,BR,2021-02-22 06:10:51
522,Champerico,14.3,-91.9167,64.99,94,75,6.71,GT,2021-02-22 06:10:51
523,Pechenga,69.5259,31.1703,-7.6,71,0,21.85,RU,2021-02-22 06:10:54
524,Honningsvag,70.9821,25.9704,10.4,85,90,42.57,NO,2021-02-22 06:10:55
525,Ostrovnoy,68.0531,39.5131,-16.19,85,4,8.1,RU,2021-02-22 06:10:55
526,Vila,42.0304,-8.1588,34.0,94,10,2.55,PT,2021-02-22 06:10:55
527,Westport,41.1415,-73.3579,27.0,68,1,5.55,US,2021-02-22 06:10:36
528,Belaya Gora,68.5333,146.4167,-30.86,83,0,3.13,RU,2021-02-22 06:10:55
529,Altay,47.8667,88.1167,26.58,92,97,5.1,CN,2021-02-22 06:09:15
530,Dalvik,65.9702,-18.5286,33.8,86,90,5.75,IS,2021-02-22 06:10:58
531,Shiloh,38.5614,-89.8973,39.2,100,90,3.44,US,2021-02-22 06:11:01
532,La Mana,-0.9333,-79.2167,50.0,93,75,4.61,EC,2021-02-22 06:11:01
533,Alimono,11.1856,122.7147,78.12,88,100,1.9,PH,2021-02-22 06:11:04
534,Laramie,41.3114,-105.5911,23.0,58,1,24.16,US,2021-02-22 06:11:04
535,Toktogul,41.8708,72.9402,12.0,80,100,1.21,KG,2021-02-22 06:11:04
536,Price,39.5994,-110.8107,30.2,51,1,9.22,US,2021-02-22 06:11:04
537,Nouakchott,18.0858,-15.9785,60.8,67,0,11.5,MR,2021-02-22 06:11:05
538,Okhotsk,59.3833,143.3,12.06,95,100,5.06,RU,2021-02-22 06:11:05
539,Miles City,46.4083,-105.8406,39.2,56,1,18.41,US,2021-02-22 06:11:08
540,Rafai,4.95,23.9167,70.79,32,100,1.95,CF,2021-02-22 06:11:11
541,Margate,51.3813,1.3862,50.0,73,100,1.99,GB,2021-02-22 06:11:11
542,Sabang,5.8933,95.3214,81.88,79,88,21.61,ID,2021-02-22 06:11:12
543,Lohja,60.2486,24.0653,23.0,94,100,8.01,FI,2021-02-22 06:11:12
544,Alta Floresta,-9.8756,-56.0861,69.26,94,100,1.23,BR,2021-02-22 06:11:12
545,Kieta,-6.2167,155.6333,82.67,75,96,2.55,PG,2021-02-22 06:11:15
546,Owensboro,37.7742,-87.1133,46.4,75,90,14.97,US,2021-02-22 06:11:15
547,Mount Isa,-20.7333,139.5,98.6,25,40,19.57,AU,2021-02-22 06:11:15
548,Alpena,45.0617,-83.4327,28.0,74,90,12.66,US,2021-02-22 06:11:15
549,Vao,-22.6667,167.4833,79.99,80,73,18.37,NC,2021-02-22 06:11:16
550,Hadsund,56.7148,10.1168,36.0,100,0,4.61,DK,2021-02-22 06:11:16
551,Jiexiu,37.0244,111.9125,57.9,33,100,9.46,CN,2021-02-22 06:11:16
552,Marysville,48.0518,-122.1771,50.0,93,90,13.8,US,2021-02-22 06:11:16
553,Katangli,51.7102,143.2326,10.76,93,27,8.57,RU,2021-02-22 06:11:19
554,Coolum Beach,-26.5333,153.1,84.99,79,5,3.0,AU,2021-02-22 06:09:48
555,Berbera,10.4396,45.0143,75.63,58,87,1.41,SO,2021-02-22 06:11:22
556,Iranshahr,27.2025,60.6848,69.8,43,0,4.61,IR,2021-02-22 06:11:22
557,Stephenville,32.2207,-98.2023,45.0,65,1,8.61,US,2021-02-22 06:07:25
558,Erenhot,43.6475,111.9767,17.13,78,29,4.07,CN,2021-02-22 06:11:26
559,Kletnya,53.3897,33.2171,33.8,100,90,4.47,RU,2021-02-22 06:11:26
560,Kununurra,-15.7667,128.7333,89.6,61,90,8.05,AU,2021-02-22 06:11:26
561,Pauini,-7.7136,-66.9764,72.07,97,100,1.28,BR,2021-02-22 06:11:26
562,Campbell River,50.0163,-125.2446,43.0,100,90,3.44,CA,2021-02-22 06:11:26
563,Port Macquarie,-31.4333,152.9167,84.2,54,75,8.05,AU,2021-02-22 06:11:26
564,Kirillov,59.863,38.3813,-11.2,77,0,8.95,RU,2021-02-22 06:11:26
565,Najran,17.4924,44.1277,64.4,34,0,2.46,SA,2021-02-22 06:11:26
566,Shingu,33.7333,135.9833,64.4,45,20,8.05,JP,2021-02-22 06:11:29
567,Tautira,-17.7333,-149.15,80.01,78,75,3.44,PF,2021-02-22 06:11:30
568,Yangmei,24.1023,112.5618,77.85,43,33,2.84,CN,2021-02-22 06:11:30
569,Kamenka,51.3223,42.7678,25.0,92,100,4.0,RU,2021-02-22 06:11:30
570,Saint-Gaudens,43.0833,0.6667,48.99,93,90,10.36,FR,2021-02-22 06:11:30
571,Santander,43.4647,-3.8044,48.99,93,40,10.36,ES,2021-02-22 06:07:17
572,Bhinmal,25.0,72.25,88.88,12,0,2.84,IN,2021-02-22 06:11:30
573,Sobolevo,54.4299,31.8996,30.24,98,100,7.56,RU,2021-02-22 06:11:30
574,Port Shepstone,-30.7414,30.455,71.08,64,83,9.46,ZA,2021-02-22 06:06:36
575,Marienburg,54.0359,19.0266,34.0,93,20,3.44,PL,2021-02-22 06:11:30
576,Kambove,-10.8764,26.5969,62.11,100,100,1.59,CD,2021-02-22 06:07:15
577,Eyl,7.9803,49.8164,79.09,60,100,17.25,SO,2021-02-22 06:11:31
578,Bima,-8.4667,118.7167,87.85,63,85,5.86,ID,2021-02-22 06:11:31
579,Chapais,49.7834,-74.8492,5.0,92,40,6.91,CA,2021-02-22 06:11:31
580,Oktyabrskoye,43.0645,44.7417,26.6,86,100,4.47,RU,2021-02-22 06:11:31
581,Karonga,-9.9333,33.9333,71.67,89,100,3.94,MW,2021-02-22 06:11:31
582,Umm Kaddadah,13.6017,26.6876,62.62,27,1,17.65,SD,2021-02-22 06:11:34
583,Jambi,-1.6,103.6167,87.31,62,87,6.08,ID,2021-02-22 06:07:39
584,Antofagasta,-23.65,-70.4,66.2,72,90,2.3,CL,2021-02-22 06:11:34
585,Balad,34.0164,44.1453,49.64,43,23,7.7,IQ,2021-02-22 06:11:34
586,Parola,20.8833,75.1167,88.92,15,0,4.61,IN,2021-02-22 06:11:34
587,Ojinaga,29.5667,-104.4167,53.6,24,1,9.22,MX,2021-02-22 06:11:34
588,Havoysund,70.9963,24.6622,10.4,85,90,42.57,NO,2021-02-22 06:11:34
589,Praia Da Vitoria,38.7333,-27.0667,62.6,77,20,29.55,PT,2021-02-22 06:11:35
590,Lulea,65.5842,22.1547,8.6,92,75,6.91,SE,2021-02-22 06:11:38
591,Vila Franca Do Campo,37.7167,-25.4333,61.0,94,40,20.71,PT,2021-02-22 06:11:38
592,Borovskoy,53.8,64.15,-14.6,88,11,5.01,KZ,2021-02-22 06:11:41
593,Saint-Pierre,-21.3393,55.4781,86.0,66,0,19.57,RE,2021-02-22 06:11:41
594,Okato,-39.2,173.8833,71.01,63,63,5.01,NZ,2021-02-22 06:11:41
595,Razole,16.4833,81.8333,86.0,51,40,8.05,IN,2021-02-22 06:11:41
596,Ous,60.9058,61.5186,-30.24,83,100,6.67,RU,2021-02-22 06:11:41
597,Kerema,-7.9631,145.7785,85.3,69,73,7.99,PG,2021-02-22 06:11:41
598,Soyo,-6.1349,12.3689,77.07,89,98,4.94,AO,2021-02-22 06:11:42
599,Urumqi,43.801,87.6005,30.2,93,75,4.47,CN,2021-02-22 06:11:42
600,Lalmohan,22.3384,90.7419,82.96,30,24,7.43,BD,2021-02-22 06:11:45
601,Rancharia,-22.2292,-50.8931,75.2,60,0,11.5,BR,2021-02-22 06:11:45
602,Gunjur,13.2019,-16.7339,68.0,56,1,4.61,GM,2021-02-22 06:11:45
603,Kandrian,-6.2167,149.55,85.41,69,53,5.53,PG,2021-02-22 06:11:45
604,Jacmel,18.2342,-72.5347,71.6,88,3,4.61,HT,2021-02-22 06:11:45
605,Grand Gaube,-20.0064,57.6608,78.01,85,43,3.0,MU,2021-02-22 06:11:45
606,Hearst,49.6835,-83.6665,28.4,74,100,10.36,CA,2021-02-22 06:11:49
607,Tessalit,20.1986,1.0114,65.05,23,0,11.32,ML,2021-02-22 06:11:49
608,Mackay,-21.15,149.2,93.2,46,8,13.8,AU,2021-02-22 06:11:49
609,Jutai,-5.1833,-68.9,72.1,97,100,3.53,BR,2021-02-22 06:11:52
610,Skhisma,35.2667,25.7167,55.99,76,75,17.27,GR,2021-02-22 06:11:55
611,Naze,28.3667,129.4833,73.4,60,20,17.27,JP,2021-02-22 06:08:02
612,North Kessock,57.5013,-4.2443,43.0,93,68,1.14,GB,2021-02-22 06:11:55
613,Katsina,12.9894,7.6006,61.05,27,23,11.1,NG,2021-02-22 06:11:55
614,La Baule-Escoublac,47.2922,-2.364,51.8,93,90,3.44,FR,2021-02-22 06:11:59
615,Aromashevo,56.8602,68.6375,-14.19,87,35,1.88,RU,2021-02-22 06:12:02
616,Takanabe,32.1333,131.5,71.6,46,75,18.41,JP,2021-02-22 06:12:03
617,Campo Formoso,-10.5075,-40.3214,66.72,91,94,5.91,BR,2021-02-22 06:12:03
618,Flinders,-34.5833,150.8552,75.0,79,51,7.0,AU,2021-02-22 06:11:12
619,Havre,49.5833,0.3333,53.6,62,0,8.05,FR,2021-02-22 06:12:03
620,Lazaro Cardenas,17.9583,-102.2,69.37,85,2,4.25,MX,2021-02-22 06:12:04
621,Sorland,67.667,12.6934,37.4,93,75,14.97,NO,2021-02-22 06:12:04
622,Cabo Rojo,18.0866,-67.1457,71.01,97,0,1.99,PR,2021-02-22 06:12:04
623,Irtyshskiy,58.3333,68.1333,-20.34,85,59,3.56,RU,2021-02-22 06:12:07
624,Leshukonskoye,64.8989,45.7622,-28.64,85,45,3.91,RU,2021-02-22 06:12:07
625,Kommunisticheskiy,61.6789,64.4819,-26.9,85,100,6.04,RU,2021-02-22 06:12:10
626,San Mateo Del Mar,16.2,-95.0,73.09,76,1,22.41,MX,2021-02-22 06:12:10
627,Ormara,25.2088,64.6357,76.95,41,0,7.4,PK,2021-02-22 06:12:13
628,Tsuruoka,38.7217,139.8217,57.2,72,75,18.41,JP,2021-02-22 06:12:13
629,Baca,21.1,-89.4167,66.99,82,75,8.05,MX,2021-02-22 06:12:13
630,Banyumas,-7.5142,109.2942,88.21,65,61,5.57,ID,2021-02-22 06:12:13
631,Sidi Ali,36.0998,0.4206,51.51,79,99,21.72,DZ,2021-02-22 06:12:17
632,Buraydah,26.326,43.975,51.8,93,20,8.05,SA,2021-02-22 06:12:17
633,Domoni,-12.2569,44.5319,83.89,69,89,3.6,KM,2021-02-22 06:12:17
634,Yeniseysk,58.4497,92.1703,4.86,90,100,7.74,RU,2021-02-22 06:12:20
635,Chumphon,10.3333,98.8333,91.4,46,0,6.91,TH,2021-02-22 06:12:23
636,Asau,46.4333,26.4,37.99,100,40,1.14,RO,2021-02-22 06:12:23
637,Verkhnyaya Inta,65.9811,60.3094,-31.25,81,0,2.39,RU,2021-02-22 06:12:26
638,Breves,-1.6822,-50.4803,72.86,97,99,2.89,BR,2021-02-22 06:12:29
639,Mnogovershinnyy,53.9353,139.9242,0.07,90,75,3.15,RU,2021-02-22 06:12:32
640,Abohar,30.15,74.1833,87.44,12,28,8.37,IN,2021-02-22 06:12:33
641,Zhuhai,22.2769,113.5678,84.99,73,20,5.75,CN,2021-02-22 06:12:36
642,Acapulco,16.8634,-99.8901,73.42,74,67,5.48,MX,2021-02-22 06:10:25
643,Ulvik,60.5672,6.9187,37.0,89,98,4.38,NO,2021-02-22 06:12:36
644,Rio Grande,-32.035,-52.0986,68.0,96,2,12.55,BR,2021-02-22 06:12:36
645,North Bend,43.4065,-124.2243,48.99,100,90,6.04,US,2021-02-22 06:12:39
646,Ambilobe,-13.2,49.05,83.55,76,100,1.41,MG,2021-02-22 06:12:39
647,Mumbwa,-14.9783,27.0619,68.05,93,100,1.54,ZM,2021-02-22 06:12:42
648,Kirakira,-10.4544,161.9205,83.41,76,100,2.86,SB,2021-02-22 06:12:47
649,Mecca,21.4267,39.8261,72.16,38,53,3.38,SA,2021-02-22 06:12:47
650,Viga,13.8719,124.3091,80.19,86,100,11.74,PH,2021-02-22 06:12:47
651,Esna,25.2934,32.554,48.2,57,0,2.3,EG,2021-02-22 06:12:51
652,Phalombe,-15.8064,35.6507,76.17,82,86,2.1,MW,2021-02-22 06:12:51
653,Kalabo,-14.97,22.6814,67.51,92,100,5.53,ZM,2021-02-22 06:12:54
654,Talara,-4.5772,-81.2719,73.65,77,98,12.5,PE,2021-02-22 06:12:54
655,Winsum,53.33,6.5208,44.01,91,5,10.58,NL,2021-02-22 06:12:54
656,Voyvozh,62.892,54.9635,-35.14,83,53,4.88,RU,2021-02-22 06:12:54
657,Filingue,14.3521,3.3168,63.46,25,0,9.55,NE,2021-02-22 06:12:58
658,Tabou,4.423,-7.3528,77.56,86,82,5.32,CI,2021-02-22 06:13:01
659,Namatanai,-3.6667,152.4333,84.83,68,89,5.26,PG,2021-02-22 06:13:01
660,Snyder,32.7179,-100.9176,42.8,52,1,3.44,US,2021-02-22 06:08:51
661,Nome,64.5011,-165.4064,-4.0,65,90,3.44,US,2021-02-22 06:13:05
662,Sambava,-14.2667,50.1667,79.83,85,68,10.69,MG,2021-02-22 06:13:09
663,Tiznit,29.5833,-9.5,47.17,84,26,2.48,MA,2021-02-22 06:13:09
664,Akyab,20.15,92.9,83.3,37,45,10.92,MM,2021-02-22 06:13:09
665,Conde,-7.2597,-34.9075,75.2,94,20,4.61,BR,2021-02-22 06:13:10
666,Taksimo,56.3444,114.8794,-1.43,76,42,1.92,RU,2021-02-22 06:13:10
667,Zemio,5.0314,25.1361,72.21,32,100,2.42,CF,2021-02-22 06:13:10
668,Linqiong,30.4159,103.4609,77.0,46,100,2.24,CN,2021-02-22 06:13:10
669,Porto Novo,6.4965,2.6036,80.6,89,20,3.44,BJ,2021-02-22 06:13:10
670,Roswell,34.0232,-84.3616,51.8,71,90,4.61,US,2021-02-22 06:11:51
671,Tarandacuao,20.0,-100.5333,57.2,54,1,5.75,MX,2021-02-22 06:13:10
672,Balkanabat,39.5108,54.3671,46.71,52,75,0.4,TM,2021-02-22 06:13:11
673,Paita,-5.0892,-81.1144,73.02,75,99,8.84,PE,2021-02-22 06:13:11
674,Thoen,17.6129,99.2161,101.73,19,44,2.33,TH,2021-02-22 06:13:11
675,Progreso,21.2833,-89.6667,66.99,82,75,8.05,MX,2021-02-22 06:13:11
676,Makokou,0.5738,12.8642,71.56,90,77,3.49,GA,2021-02-22 06:13:11
677,Frederikshavn,57.4407,10.5366,30.2,100,1,5.75,DK,2021-02-22 06:13:11
678,Sakakah,29.9697,40.2064,50.0,43,0,19.57,SA,2021-02-22 06:13:15
679,Miramar,25.9873,-80.2323,71.01,73,40,18.41,US,2021-02-22 06:09:32
680,Salinopolis,-0.6136,-47.3561,78.55,84,99,6.73,BR,2021-02-22 06:08:31
681,Lensk,60.7253,114.9278,-5.55,84,86,9.33,RU,2021-02-22 06:13:15
682,Port Moresby,-9.4431,147.1797,86.0,70,75,8.05,PG,2021-02-22 06:13:15
683,Ariquemes,-9.9133,-63.0408,69.06,99,95,0.89,BR,2021-02-22 06:13:15
684,Killybegs,54.6333,-8.45,39.99,91,2,11.01,IE,2021-02-22 06:13:18
685,Metro,-5.1131,105.3067,86.72,69,94,11.39,ID,2021-02-22 06:13:18
686,Thanatpin,17.2119,96.3033,89.6,58,63,4.61,MM,2021-02-22 06:13:18
687,Constitucion,-35.3333,-72.4167,54.86,80,0,8.99,CL,2021-02-22 06:09:16
688,Kitgum,3.2783,32.8867,78.71,39,100,7.99,UG,2021-02-22 06:13:18
689,Imperia,43.9667,7.7833,53.01,100,75,11.32,IT,2021-02-22 06:13:18
690,Magdalena,14.1999,121.429,80.01,83,90,3.44,PH,2021-02-22 06:13:26
691,Aklavik,68.2191,-135.0107,-18.4,69,82,3.44,CA,2021-02-22 06:13:26
692,Senador Jose Porfirio,-2.5908,-51.9542,73.4,96,100,3.27,BR,2021-02-22 06:13:26
693,Tulum,20.2167,-87.4667,74.25,78,71,4.94,MX,2021-02-22 06:13:26
694,Zhezkazgan,47.8043,67.7144,8.29,94,53,5.61,KZ,2021-02-22 06:13:26
695,Sulya,12.5667,75.3833,82.4,57,75,4.61,IN,2021-02-22 06:13:30
696,Dwarka,22.2394,68.9678,81.84,31,0,11.43,IN,2021-02-22 06:13:30
697,Tokat,40.4167,36.5833,23.0,86,0,2.3,TR,2021-02-22 06:13:33
698,Nyagan,62.1406,65.3936,-26.46,85,100,6.22,RU,2021-02-22 06:13:36
699,Oktyabrskiy,54.4815,53.471,-14.78,87,44,2.82,RU,2021-02-22 06:13:36
700,Enkhuizen,52.7,5.2833,48.0,71,61,14.18,NL,2021-02-22 06:13:36
701,Lima,-12.0432,-77.0282,72.0,83,0,8.05,PE,2021-02-22 06:13:40
702,Nha Trang,12.25,109.1833,82.4,51,20,14.97,VN,2021-02-22 06:10:41
703,Great Yarmouth,52.6083,1.7305,44.6,93,97,3.44,GB,2021-02-22 06:13:40
704,Kurilsk,45.2333,147.8833,23.47,89,94,2.08,RU,2021-02-22 06:12:40
705,Sao Filipe,14.8961,-24.4956,70.34,70,0,7.38,CV,2021-02-22 06:13:40
